"","variableValue","K","unsatisfied","Payoffs","TotalBM","GreenPatches","beta.i","k.i","numLoggers","numCheaters","param"
"1","1",0,26,6.09210526315789,0.554103131762891,0.59438677431757,-0.0652239373497556,0,0.76,0,"rt"
"2","1",0,26,1.64457831325301,0.464086956521739,0.529411764705882,-0.053907932795968,0,0.83,0,"rt"
"3","1",0,30,3.93670886075949,0.502102565378586,0.544405997693195,0.0717300692138317,0,0.79,0,"rt"
"4","1",0,34,-0.372093023255814,0.412331882911392,0.483275663206459,0.0993645139508531,0,0.86,0,"rt"
"5","1",0,30,-1.26785714285714,0.43111314999876,0.495578623606305,0.0809742577767708,0,0.84,0,"rt"
"6","1",0,24,4.92261904761905,0.418121546961326,0.492502883506344,-0.0974466350169872,0,0.84,0,"rt"
"7","1",0,33,-0.359756097560976,0.408113137327875,0.47597078046905,0.0160060887886488,0,0.82,0,"rt"
"8","1",0,30,4.02631578947368,0.508917466792697,0.555940023068051,-7.83293995227059e-05,0,0.76,0,"rt"
"9","1",0,25,5.28313253012048,0.438485569770902,0.494809688581315,0.0156493185199529,0,0.83,0,"rt"
"10","1",0,25,10.4383561643836,0.572307692307692,0.597462514417532,0.0238255235424947,0,0.73,0,"rt"
"11","1",0,34,2.2,0.504687229463999,0.549404075355632,-0.0752111929079238,0,0.8,0,"rt"
"12","1",0,31,2.93529411764706,0.40812501551523,0.484429065743945,0.0711462250107859,0,0.85,0,"rt"
"13","1",0,26,3.95569620253165,0.495406465709887,0.535563244905805,-0.100462978384121,0,0.79,0,"rt"
"14","1",0,32,2.47647058823529,0.435822665941778,0.516724336793541,-0.0205938077941962,0,0.85,0,"rt"
"15","1",0,26,1.86470588235294,0.451486231235709,0.504421376393695,0.0496972041997266,0,0.85,0,"rt"
"16","1",0,35,-1.64367816091954,0.399623310436517,0.471357170319108,0.126419291816568,0,0.87,0,"rt"
"17","1",0,26,4.29487179487179,0.506628741033886,0.559015763168012,-0.0381731981280056,0,0.78,0,"rt"
"18","1",0,29,2.53703703703704,0.458532338308458,0.502883506343714,0.0314530061041633,0,0.81,0,"rt"
"19","1",0,33,3.01190476190476,0.428153842326542,0.480968858131488,0.126988764900775,0,0.84,0,"rt"
"20","1",0,38,3.04,0.558480473490008,0.580930411380238,-0.0593019878458336,0,0.75,0,"rt"
"21","1",0,23,2.83333333333333,0.418998837007893,0.500192233756248,-0.0612593106908297,0,0.84,0,"rt"
"22","1",0,33,4.95783132530121,0.461839069051932,0.531334102268358,0.111259812480806,0,0.83,0,"rt"
"23","1",0,33,-5.24137931034483,0.3138693367701,0.391387927720108,-0.0530477979347357,0,0.87,0,"rt"
"24","1",0,33,5.94936708860759,0.493550217048145,0.540561322568243,-0.0156040781971781,0,0.79,0,"rt"
"25","1",0,24,3.19047619047619,0.443440612643275,0.497116493656286,0.0964706120856246,0,0.84,0,"rt"
"26","1",0,23,4.74698795180723,0.442759392883802,0.50480584390619,-0.0420762556839837,0,0.83,0,"rt"
"27","1",0,27,2.67857142857143,0.442284189259971,0.49519415609381,0.0639662610729862,0,0.84,0,"rt"
"28","1",0,27,9.84666666666667,0.559564719358534,0.580930411380238,-0.0470460074896581,0,0.75,0,"rt"
"29","1",0,23,10.7928571428571,0.610693328073376,0.62475970780469,0.0355927727453247,0,0.7,0,"rt"
"30","1",0,32,5.53246753246753,0.546122977991575,0.579777008842753,0.00960101981448989,0,0.77,0,"rt"
"31","1",0,23,7.34027777777778,0.594341262352883,0.620530565167243,-0.0730312417005164,0,0.72,0,"rt"
"32","1",0,19,9.25757575757576,0.686661892178895,0.694348327566321,-0.128330510995483,0,0.66,0,"rt"
"33","1",0,29,0.430232558139535,0.417420899094921,0.482122260668973,0.0785051172122602,0,0.86,0,"rt"
"34","1",0,33,-0.444444444444444,0.461183314766679,0.523260284505959,0.0813051551576418,0,0.81,0,"rt"
"35","1",0,29,1.46913580246914,0.443750155283361,0.503652441368704,-0.0619115152393281,0,0.81,0,"rt"
"36","1",0,23,5.1,0.530525741764371,0.578239138792772,-0.0142763926280099,0,0.8,0,"rt"
"37","1",0,30,-2.24137931034483,0.354231584195438,0.415609381007305,0.0161670524659547,0,0.87,0,"rt"
"38","1",0,25,0.837349397590361,0.436810656043819,0.504421376393695,0.0127116665000564,0,0.83,0,"rt"
"39","1",0,25,10.4384615384615,0.668618208881171,0.660515186466744,-0.0624203681126817,0,0.65,0,"rt"
"40","1",0,27,-0.156976744186047,0.397960698906103,0.467896962706651,0.0273188468384813,0,0.86,0,"rt"
"41","1",0,24,4.17901234567901,0.472699082113619,0.52479815455594,-0.080158653893645,0,0.81,0,"rt"
"42","1",0,34,1.92857142857143,0.412517657554955,0.482506728181469,0.0690515888065942,0,0.84,0,"rt"
"43","1",0,25,5.34666666666667,0.526945216355697,0.562475970780469,-0.0463864923140978,0,0.75,0,"rt"
"44","1",0,29,5.49358974358974,0.523706094079682,0.562475970780469,0.0502763760331977,0,0.78,0,"rt"
"45","1",0,25,4.73456790123457,0.482013406156902,0.539023452518262,0.0531476028965023,0,0.81,0,"rt"
"46","1",0,28,5.5126582278481,0.508821862447944,0.546328335255671,-0.00653264114182204,0,0.79,0,"rt"
"47","1",0,26,5.73780487804878,0.472705923501636,0.520569011918493,0.0300693033365737,0,0.82,0,"rt"
"48","1",0,26,8.6027397260274,0.57914258069318,0.607458669742407,0.0198365525756389,0,0.73,0,"rt"
"49","1",0,22,6.51898734177215,0.504884350393701,0.564398308342945,0.0207798638700211,0,0.79,0,"rt"
"50","1",0,28,4.07926829268293,0.477579867839221,0.539407920030757,0.0781039040152192,0,0.82,0,"rt"
"51","2",0,26,5.3,0.488700282492938,0.529411764705882,0.176903827175438,0,0.8,0,"rt"
"52","2",0,26,7.4746835443038,0.538650215549279,0.589004229142637,0.131227516188173,0,0.79,0,"rt"
"53","2",0,23,6.64024390243902,0.464357692020602,0.523260284505959,0.150693578705465,0,0.82,0,"rt"
"54","2",0,31,5.34375,0.484730732825188,0.540561322568243,0.137787308600154,0,0.8,0,"rt"
"55","2",0,28,2.89156626506024,0.453218628011636,0.518646674356017,0.155200941494827,0,0.83,0,"rt"
"56","2",0,30,1.13690476190476,0.417959153286845,0.477893118031526,0.101614091733278,0,0.84,0,"rt"
"57","2",0,26,10.8116883116883,0.526486540033186,0.569011918492887,0.123816290761702,0,0.77,0,"rt"
"58","2",0,26,5.3625,0.497612619369032,0.54479046520569,0.0724727231017458,0,0.8,0,"rt"
"59","2",0,31,3.0609756097561,0.460964127209867,0.530949634755863,0.0964842716302961,0,0.82,0,"rt"
"60","2",0,20,5.58125,0.488289345551699,0.53440984236832,0.122200445764866,0,0.8,0,"rt"
"61","2",0,26,3.28313253012048,0.482834583302393,0.538254517493272,0.0995036007226248,0,0.83,0,"rt"
"62","2",0,27,5.66025641025641,0.503841548593095,0.540176855055748,0.129944809817661,0,0.78,0,"rt"
"63","2",0,32,2.24375,0.486803080527378,0.553248750480584,0.311580900772265,0,0.8,0,"rt"
"64","2",0,31,0.853658536585366,0.474972729075764,0.534794309880815,0.228383627592491,0,0.82,0,"rt"
"65","2",0,25,6.04487179487179,0.538413817062881,0.570165321030373,0.159718999661106,0,0.78,0,"rt"
"66","2",0,26,2.27439024390244,0.443779429987608,0.519031141868512,0.130425317126446,0,0.82,0,"rt"
"67","2",0,29,4.48780487804878,0.462966630359442,0.529796232218378,0.182858189414135,0,0.82,0,"rt"
"68","2",0,24,10.55,0.457225276085772,0.512879661668589,-0.00439442187727269,0,0.8,0,"rt"
"69","2",0,17,6.70987654320988,0.471319430619152,0.507112648981161,0.114524645718919,0,0.81,0,"rt"
"70","2",0,32,3.1219512195122,0.465470674232475,0.51518646674356,0.064417369854545,0,0.82,0,"rt"
"71","2",0,23,9.26923076923077,0.519938230092904,0.565551710880431,0.142029911973033,0,0.78,0,"rt"
"72","2",0,34,5.17532467532468,0.548610939010186,0.578239138792772,0.142793973925654,0,0.77,0,"rt"
"73","2",0,23,8.57432432432432,0.554099578895219,0.594771241830065,0.0564219453117497,0,0.74,0,"rt"
"74","2",0,21,6.925,0.450282192187732,0.521337946943483,0.151997452214413,0,0.8,0,"rt"
"75","2",0,31,0.446428571428571,0.430913001557517,0.501730103806228,0.190396311341568,0,0.84,0,"rt"
"76","2",0,33,0.488235294117647,0.458531946948554,0.519800076893502,0.137204896337775,0,0.85,0,"rt"
"77","2",0,27,2.13529411764706,0.39942778952606,0.459823144944252,0.0670867999125159,0,0.85,0,"rt"
"78","2",0,30,-2.44186046511628,0.39949494949495,0.477124183006536,0.157962931031794,0,0.86,0,"rt"
"79","2",0,29,0.740740740740741,0.453053444562715,0.519031141868512,0.0443582312291178,0,0.81,0,"rt"
"80","2",0,27,-0.518072289156627,0.400079459674215,0.472510572856594,0.0785671892163501,0,0.83,0,"rt"
"81","2",0,27,5.34615384615385,0.501584825297774,0.549404075355632,0.146050027647966,0,0.78,0,"rt"
"82","2",0,28,1.48192771084337,0.442997469861587,0.501345636293733,-0.0121158353789372,0,0.83,0,"rt"
"83","2",0,33,1.21341463414634,0.451049819853398,0.519031141868512,0.0937894554122196,0,0.82,0,"rt"
"84","2",0,37,1.35119047619048,0.43953494174297,0.497885428681276,0.127203779260849,0,0.84,0,"rt"
"85","2",0,30,8.78571428571429,0.522672941879576,0.568627450980392,0.216758572377656,0,0.77,0,"rt"
"86","2",0,30,3.00609756097561,0.464751214193676,0.516339869281046,0.0125576763590559,0,0.82,0,"rt"
"87","2",0,27,2.4875,0.500480627033422,0.547097270280661,0.14644580538518,0,0.8,0,"rt"
"88","2",0,29,0.132183908045977,0.372282003710575,0.449058054594387,0.151385837620252,0,0.87,0,"rt"
"89","2",0,23,3.90588235294118,0.43846019770424,0.496732026143791,0.0107584925317594,0,0.85,0,"rt"
"90","2",0,32,-1.19411764705882,0.41038295977438,0.487504805843906,0.0902043824380759,0,0.85,0,"rt"
"91","2",0,36,3.67948717948718,0.524789186507936,0.569011918492887,0.0986397144898684,0,0.78,0,"rt"
"92","2",0,25,7.8125,0.525443580542265,0.575932333717801,0.108733335780213,0,0.8,0,"rt"
"93","2",0,24,11.3933333333333,0.574657091740384,0.604382929642445,0.00803413137129112,0,0.75,0,"rt"
"94","2",0,23,7.66233766233766,0.541153548322634,0.58323721645521,0.196456802941113,0,0.77,0,"rt"
"95","2",0,29,2.8,0.418210376723429,0.490965013456363,0.026647978306091,0,0.85,0,"rt"
"96","2",0,28,8.77272727272727,0.521161245190626,0.573241061130334,0.0400051455327207,0,0.77,0,"rt"
"97","2",0,32,6.26623376623377,0.527345771818697,0.572472126105344,0.187215502453717,0,0.77,0,"rt"
"98","2",0,34,1.69186046511628,0.400890067932761,0.472126105344098,0.136620315749035,0,0.86,0,"rt"
"99","2",0,37,4.2375,0.490175377583466,0.543637062668205,0.168024000712109,0,0.8,0,"rt"
"100","2",0,29,1.99404761904762,0.429211224970846,0.482122260668973,0.0699261616500633,0,0.84,0,"rt"
"101","3",0,33,3.57407407407407,0.45933500037137,0.518646674356017,0.185460536402919,0,0.81,0,"rt"
"102","3",0,25,8.00641025641026,0.520356770704114,0.567089580930411,0.250737853166989,0,0.78,0,"rt"
"103","3",0,27,13.3028169014085,0.579953664491057,0.60322952710496,0.167711765905127,0,0.71,0,"rt"
"104","3",0,26,7.42207792207792,0.533507504991004,0.587850826605152,0.216829547335152,0,0.77,0,"rt"
"105","3",0,27,7.57692307692308,0.534200421156943,0.578239138792772,0.187097698929847,0,0.78,0,"rt"
"106","3",0,27,5.22077922077922,0.519905658047467,0.554017685505575,0.226822019415989,0,0.77,0,"rt"
"107","3",0,27,5.95454545454545,0.529761756267931,0.56401384083045,0.189952894097692,0,0.77,0,"rt"
"108","3",0,21,5.87341772151899,0.509019277466673,0.554017685505575,0.30736870006904,0,0.79,0,"rt"
"109","3",0,28,10.4178082191781,0.571297558557442,0.590542099192618,0.0717582104931814,0,0.73,0,"rt"
"110","3",0,24,5.81081081081081,0.587305924729847,0.616301422529796,0.263637279315259,0,0.74,0,"rt"
"111","3",0,20,12.9859154929577,0.603059801822437,0.617070357554787,0.200853085117817,0,0.71,0,"rt"
"112","3",0,27,6.11688311688312,0.515380424014266,0.554786620530565,0.18999126626418,0,0.77,0,"rt"
"113","3",0,28,5.23076923076923,0.508900238000793,0.556708958093041,0.101798588841116,0,0.78,0,"rt"
"114","3",0,24,9.19178082191781,0.589087523277467,0.615148019992311,0.135914824376537,0,0.73,0,"rt"
"115","3",0,24,9.47101449275362,0.60905990510083,0.623606305267205,0.179953499743878,0,0.69,0,"rt"
"116","3",0,23,7.34,0.53850819428628,0.567858515955402,0.210136124099152,0,0.75,0,"rt"
"117","3",0,22,11.2323943661972,0.615106663024313,0.628604382929642,0.147498008786816,0,0.71,0,"rt"
"118","3",0,24,8.39864864864865,0.564145470771977,0.59361783929258,0.16401574856557,0,0.74,0,"rt"
"119","3",0,24,9.2171052631579,0.533737045823449,0.571318723567859,0.178179655463367,0,0.76,0,"rt"
"120","3",0,25,7.15789473684211,0.543926434963168,0.583621683967705,0.159388223984795,0,0.76,0,"rt"
"121","3",0,29,2.73780487804878,0.492154294751409,0.539023452518262,0.213318102451993,0,0.82,0,"rt"
"122","3",0,22,9.99295774647887,0.57549022044387,0.603613994617455,0.120405095647919,0,0.71,0,"rt"
"123","3",0,27,7.47402597402597,0.542780284623395,0.586312956555171,0.1626909731658,0,0.77,0,"rt"
"124","3",0,23,7.57407407407407,0.445239275973221,0.519800076893502,0.246095321232308,0,0.81,0,"rt"
"125","3",0,20,7.51829268292683,0.444389176283327,0.500192233756248,0.15482242101023,0,0.82,0,"rt"
"126","3",0,29,1.12650602409639,0.45472068845446,0.520569011918493,0.209678465350481,0,0.83,0,"rt"
"127","3",0,26,8.13461538461539,0.516983949234789,0.566320645905421,0.242695314202359,0,0.78,0,"rt"
"128","3",0,31,5.0379746835443,0.487698520849335,0.539792387543253,0.185290776909234,0,0.79,0,"rt"
"129","3",0,28,9.17808219178082,0.550855654761905,0.579392541330258,0.288841443582329,0,0.73,0,"rt"
"130","3",0,28,7.56329113924051,0.506163385291865,0.561707035755479,0.274764845702962,0,0.79,0,"rt"
"131","3",0,31,7,0.504563731899253,0.558246828143022,0.140421705873838,0,0.78,0,"rt"
"132","3",0,20,12.9054054054054,0.535782218818705,0.594771241830065,0.158926624456136,0,0.74,0,"rt"
"133","3",0,25,2.725,0.5056001400035,0.557093425605536,0.192052768297486,0,0.8,0,"rt"
"134","3",0,28,6.10126582278481,0.494584703642343,0.540945790080738,0.157406586422344,0,0.79,0,"rt"
"135","3",0,18,10.5714285714286,0.562800009948516,0.597462514417532,0.158513324462613,0,0.77,0,"rt"
"136","3",0,21,9.9527027027027,0.584221245312073,0.606305267204921,0.225026405713698,0,0.74,0,"rt"
"137","3",0,20,6.06578947368421,0.555536276429616,0.582852748942714,0.183252161317588,0,0.76,0,"rt"
"138","3",0,30,4.98701298701299,0.505906146859568,0.558631295655517,0.24184275285578,0,0.77,0,"rt"
"139","3",0,24,9.20945945945946,0.575812095193191,0.605151864667436,0.0884366777002717,0,0.74,0,"rt"
"140","3",0,26,8.48,0.559134304609418,0.580161476355248,0.187741065002067,0,0.75,0,"rt"
"141","3",0,31,9.40140845070423,0.600094323230819,0.624375240292195,0.286029482622193,0,0.71,0,"rt"
"142","3",0,24,5.11728395061728,0.519089391182994,0.559015763168012,0.217403547385131,0,0.81,0,"rt"
"143","3",0,28,10.7430555555556,0.591084068049174,0.605920799692426,0.319163953792064,0,0.72,0,"rt"
"144","3",0,27,11.9166666666667,0.589322663475681,0.617070357554787,0.214891647787643,0,0.72,0,"rt"
"145","3",0,31,5.05263157894737,0.548070471883309,0.580930411380238,0.0437233043727307,0,0.76,0,"rt"
"146","3",0,21,13.7534246575342,0.556698990698595,0.581314878892734,0.134122120892219,0,0.73,0,"rt"
"147","3",0,28,6.19480519480519,0.519056935535798,0.560553633217993,0.182993059794197,0,0.77,0,"rt"
"148","3",0,23,5.44375,0.46895130439075,0.535563244905805,0.209285437224624,0,0.8,0,"rt"
"149","3",0,27,6.02702702702703,0.589069582108881,0.615916955017301,0.160243473013799,0,0.74,0,"rt"
"150","3",0,27,7.33333333333333,0.538177431790484,0.577470203767782,0.206370672690672,0,0.78,0,"rt"
"151","4",0,29,9.77027027027027,0.575266154988859,0.605151864667436,0.237683227500171,0,0.74,0,"rt"
"152","4",0,23,9.48630136986301,0.58681321404674,0.614763552479815,0.383487859151333,0,0.73,0,"rt"
"153","4",0,27,10.3188405797101,0.632043170822479,0.656670511341792,0.352135008237485,0,0.69,0,"rt"
"154","4",0,21,14.2089552238806,0.635565637636848,0.647443291041907,0.304298138199501,0,0.67,0,"rt"
"155","4",0,17,12.75,0.661946350592639,0.657054978854287,0.245752025370934,0,0.68,0,"rt"
"156","4",0,23,9.02173913043478,0.617807307331986,0.625528642829681,0.237917645496234,0,0.69,0,"rt"
"157","4",0,24,12.8863636363636,0.671082963587239,0.670511341791619,0.240188058334763,0,0.66,0,"rt"
"158","4",0,18,12.6875,0.680809059077703,0.678200692041522,0.270592058760089,0,0.64,0,"rt"
"159","4",0,23,12.9921875,0.654454165838139,0.65282583621684,0.344007925914799,0,0.64,0,"rt"
"160","4",0,23,9.78571428571429,0.617932730524642,0.616685890042291,0.3329218864251,0,0.7,0,"rt"
"161","4",0,30,6.11842105263158,0.561472444677295,0.589773164167628,0.294572486929378,0,0.76,0,"rt"
"162","4",0,24,5.10526315789474,0.566885504849816,0.582852748942714,0.23718692711817,0,0.76,0,"rt"
"163","4",0,23,13.6159420289855,0.622923217867135,0.635140330642061,0.344977242435101,0,0.69,0,"rt"
"164","4",0,20,10.6066666666667,0.563959252466168,0.59361783929258,0.324961465696188,0,0.75,0,"rt"
"165","4",0,17,17.0984848484848,0.632098612487611,0.644367550941945,0.323611742054299,0,0.66,0,"rt"
"166","4",0,30,8.00735294117647,0.618665977249224,0.638216070742022,0.26060664258177,0,0.68,0,"rt"
"167","4",0,22,14.0606060606061,0.661623827415462,0.670895809304114,0.171548373582161,0,0.66,0,"rt"
"168","4",0,21,13.2071428571429,0.60832,0.619377162629758,0.234358962901737,0,0.7,0,"rt"
"169","4",0,23,14.625,0.609184907336574,0.637447135717032,0.270301974087361,0,0.68,0,"rt"
"170","4",0,25,9.2887323943662,0.591268853601473,0.608612072279892,0.269017628943931,0,0.71,0,"rt"
"171","4",0,25,8.87142857142857,0.635269034532055,0.65436370626682,0.296523009243172,0,0.7,0,"rt"
"172","4",0,30,7.68243243243243,0.555360845098233,0.600538254517493,0.259460304849518,0,0.74,0,"rt"
"173","4",0,23,10.943661971831,0.609087747192686,0.62322183775471,0.245472232027569,0,0.71,0,"rt"
"174","4",0,28,10.3030303030303,0.655451374285644,0.661284121491734,0.263089088987678,0,0.66,0,"rt"
"175","4",0,26,9.09420289855072,0.614799463913432,0.624375240292195,0.28691828998024,0,0.69,0,"rt"
"176","4",0,20,12.9779411764706,0.631097183342829,0.635909265667051,0.362393244111954,0,0.68,0,"rt"
"177","4",0,26,8.49333333333333,0.524414159467779,0.56401384083045,0.313888094790165,0,0.75,0,"rt"
"178","4",0,22,8.36428571428571,0.587768079800499,0.617454825067282,0.248948146325007,0,0.7,0,"rt"
"179","4",0,22,12.8732394366197,0.579785513448954,0.596309111880046,0.262347481660896,0,0.71,0,"rt"
"180","4",0,26,10.3382352941176,0.619951815607769,0.63360246059208,0.279398317687606,0,0.68,0,"rt"
"181","4",0,23,15.6940298507463,0.620389597547711,0.627835447904652,0.290034183924854,0,0.67,0,"rt"
"182","4",0,18,14.9444444444444,0.692408603747432,0.68319876970396,0.201162712887982,0,0.63,0,"rt"
"183","4",0,24,11.3582089552239,0.632665226138142,0.636293733179546,0.259531180899818,0.253731343283582,0.67,0,"rt"
"184","4",0,20,13.7941176470588,0.633589959401921,0.647443291041907,0.30297316969831,0,0.68,0,"rt"
"185","4",0,23,5.875,0.551508224419818,0.590157631680123,0.346403096527049,0,0.76,0,"rt"
"186","4",0,17,12.2642857142857,0.62115083992953,0.632449058054594,0.210460920728134,0,0.7,0,"rt"
"187","4",0,28,11.3529411764706,0.618107108275194,0.625913110342176,0.247302915990005,0,0.68,0,"rt"
"188","4",0,22,9.40298507462687,0.634394778481013,0.648596693579393,0.304910832596676,0,0.67,0,"rt"
"189","4",0,19,14.4538461538462,0.65370181673584,0.654748173779316,0.231800447366564,0,0.65,0,"rt"
"190","4",0,26,10.7746478873239,0.636725630783735,0.649750096116878,0.280331604310481,0,0.71,0,"rt"
"191","4",0,28,8.86184210526316,0.547565738736722,0.5840061514802,0.278856881173827,0,0.76,0,"rt"
"192","4",0,17,14.4785714285714,0.609997036451645,0.628219915417147,0.222207466579181,0,0.7,0,"rt"
"193","4",0,21,11.6544117647059,0.622377795369088,0.632449058054594,0.308549614779849,0,0.68,0,"rt"
"194","4",0,18,12.75,0.680105660002976,0.668973471741638,0.30824307633567,0,0.64,0,"rt"
"195","4",0,15,11.9857142857143,0.595394083780028,0.616685890042291,0.34032876164872,0,0.7,0,"rt"
"196","4",0,26,7.55147058823529,0.62653871771468,0.633217993079585,0.338038053611405,0,0.68,0,"rt"
"197","4",0,18,16.8571428571429,0.686329284413738,0.684352172241446,0.342988399191251,0,0.63,0,"rt"
"198","4",0,26,11.3405797101449,0.644338453914767,0.640522875816993,0.18619580803398,0,0.69,0,"rt"
"199","4",0,21,12.6417910447761,0.653660229554525,0.658208381391772,0.20892080599837,0,0.67,0,"rt"
"200","4",0,24,14.4285714285714,0.688390606673155,0.688581314878893,0.215904152438684,0,0.63,0,"rt"
"201","5",0,20,13.525,0.712888206449056,0.694348327566321,0.391082230809686,0,0.6,0,"rt"
"202","5",0,17,16.047619047619,0.702109181141439,0.680507497116494,0.404520621270519,0,0.63,0,"rt"
"203","5",0,18,17.7083333333333,0.706991720331187,0.685505574778931,0.392047363034998,0,0.6,0,"rt"
"204","5",0,18,16.4016393442623,0.708292164805849,0.69357939254133,0.375226003075081,0,0.61,0,"rt"
"205","5",0,11,23.8673469387755,0.835882498760535,0.771626297577855,0.241299172739844,0,0.49,0,"rt"
"206","5",0,10,23.3137254901961,0.812640379336162,0.766628219915417,0.256136226360525,0,0.51,0,"rt"
"207","5",0,16,16.8157894736842,0.744178517171818,0.715494040753556,0.399383222106748,0,0.57,0,"rt"
"208","5",0,15,17.4298245614035,0.757467427318702,0.727797001153403,0.460426532120199,0,0.57,0,"rt"
"209","5",0,15,19.3064516129032,0.686711918150965,0.690888119953864,0.359598189822893,0,0.62,0,"rt"
"210","5",0,16,18.1451612903226,0.693603945183753,0.679354094579008,0.364777875322703,0,0.62,0,"rt"
"211","5",0,22,15.8416666666667,0.720738481376779,0.695886197616301,0.384310782759407,0,0.6,0,"rt"
"212","5",0,24,11.75,0.67195242814668,0.667051134179162,0.380635448571644,0,0.64,0,"rt"
"213","5",0,23,15.0819672131148,0.720384482161413,0.711264898116109,0.342544650636372,0,0.61,0,"rt"
"214","5",0,15,20.7037037037037,0.779342664952023,0.738177623990773,0.275698441022569,0,0.54,0,"rt"
"215","5",0,10,23.2407407407407,0.794389964657275,0.744713571703191,0.272680607554862,0,0.54,0,"rt"
"216","5",0,17,19.1607142857143,0.761691901583823,0.731257208765859,0.31428655223461,0,0.56,0,"rt"
"217","5",0,19,15.171875,0.670160526446981,0.672049211841599,0.254348534099023,0,0.64,0,"rt"
"218","5",0,14,20.5409836065574,0.715990571889344,0.701268742791234,0.411580747810214,0,0.61,0,"rt"
"219","5",0,24,10.4191176470588,0.63983611881386,0.644367550941945,0.349858891555287,0,0.68,0,"rt"
"220","5",0,14,18.8421052631579,0.750658591230273,0.717416378316032,0.320412291224345,0,0.57,0,"rt"
"221","5",0,28,15.2936507936508,0.687580629155503,0.680891964628989,0.331787793873011,0,0.63,0,"rt"
"222","5",0,23,12.7666666666667,0.722121085389554,0.704728950403691,0.364993011216464,0,0.6,0,"rt"
"223","5",0,15,21.575,0.708724715471398,0.694348327566321,0.352724051242307,0,0.6,0,"rt"
"224","5",0,12,21.3035714285714,0.757507893384243,0.733948481353326,0.360269720924027,0,0.56,0,"rt"
"225","5",0,22,13.2586206896552,0.729443697395289,0.705497885428681,0.336605966599637,0,0.58,0,"rt"
"226","5",0,17,14.2741935483871,0.694263895410622,0.675124951941561,0.156674413404981,0,0.62,0,"rt"
"227","5",0,18,16.1833333333333,0.731135358154794,0.702806612841215,0.232315981327135,0,0.6,0,"rt"
"228","5",0,14,19.2641509433962,0.795824126716155,0.750096116878124,0.439454132598229,0,0.53,0,"rt"
"229","5",0,18,13.325,0.729679910325072,0.715878508266051,0.302713687253207,0,0.6,0,"rt"
"230","5",0,18,13.1940298507463,0.654002680033749,0.658592848904268,0.428947121456073,0,0.67,0,"rt"
"231","5",0,20,12.78125,0.677988323768059,0.672049211841599,0.366514536943228,0,0.64,0,"rt"
"232","5",0,23,13.3030303030303,0.648033791127359,0.659746251441753,0.336687620519377,0,0.66,0,"rt"
"233","5",0,15,17.5573770491803,0.715995849084575,0.696270665128797,0.231401749444685,0,0.61,0,"rt"
"234","5",0,16,19.0877192982456,0.746785202037687,0.716262975778547,0.447032853984649,0,0.57,0,"rt"
"235","5",0,21,14.7767857142857,0.755930600154333,0.725874663590927,0.300941960227055,0,0.56,0,"rt"
"236","5",0,18,14.9333333333333,0.723359078153327,0.710111495578624,0.417393702868191,0,0.6,0,"rt"
"237","5",0,19,14.4206349206349,0.68552657873701,0.680891964628989,0.252050482853828,0,0.63,0,"rt"
"238","5",0,17,15.4285714285714,0.694167410935794,0.682045367166474,0.409956813644059,0,0.63,0,"rt"
"239","5",0,21,13.8134328358209,0.644646896517438,0.642829680891965,0.366746920814869,0,0.67,0,"rt"
"240","5",0,17,17.983606557377,0.706925612869643,0.693963860053825,0.438989886293059,0,0.61,0,"rt"
"241","5",0,14,19.1636363636364,0.766016090584029,0.72318339100346,0.251207201871395,0,0.55,0,"rt"
"242","5",0,11,19.5714285714286,0.760408396188964,0.723567858515955,0.438532817811256,0,0.56,0,"rt"
"243","5",0,20,11.8225806451613,0.710622620048464,0.69357939254133,0.249973109615661,0,0.62,0,"rt"
"244","5",0,23,14.7459016393443,0.701733353314351,0.697039600153787,0.460486328317681,0,0.61,0,"rt"
"245","5",0,15,19.4907407407407,0.772952423409367,0.735486351403306,0.414591169117477,0,0.54,0,"rt"
"246","5",0,27,9.07575757575758,0.650143978735448,0.640907343329489,0.410090617647141,0,0.66,0,"rt"
"247","5",0,24,14.655737704918,0.714964311472556,0.688196847366398,0.35483358191462,0,0.61,0,"rt"
"248","5",0,12,17.1363636363636,0.771880014812986,0.729334871203383,0.387369188893443,0,0.55,0,"rt"
"249","5",0,16,15.3846153846154,0.639433901576069,0.648596693579393,0.313335796855633,0,0.65,0,"rt"
"250","5",0,14,15.5762711864407,0.726202572426954,0.700884275278739,0.376348988729285,0,0.59,0,"rt"
"251","6",0,12,18.5090909090909,0.76463006568348,0.729334871203383,0.382510864677248,0,0.55,0,"rt"
"252","6",0,17,19.5660377358491,0.792002180322589,0.744713571703191,0.482696021591238,0,0.53,0,"rt"
"253","6",0,8,23.5,0.844272002763453,0.774702037677816,0.371120466146417,0,0.47,0,"rt"
"254","6",0,20,15.3333333333333,0.759404115390364,0.726643598615917,0.373242424163717,0,0.57,0,"rt"
"255","6",0,13,23.2735849056604,0.785073591357352,0.745098039215686,0.398736857157398,0,0.53,0,"rt"
"256","6",0,11,21.1274509803922,0.793983953898507,0.746635909265667,0.484144063130352,0,0.51,0,"rt"
"257","6",0,11,21.6,0.758257699747061,0.722798923490965,0.402651917565193,0,0.55,0,"rt"
"258","6",0,20,19.234693877551,0.820052972919451,0.757400999615533,0.441550830240353,0,0.49,0,"rt"
"259","6",0,16,16.6415094339623,0.793010420018315,0.737024221453287,0.442024902684011,0,0.53,0,"rt"
"260","6",0,18,15.2685185185185,0.788395609816254,0.737793156478278,0.450277303925772,0,0.54,0,"rt"
"261","6",0,10,22.8125,0.833914829386584,0.767781622452903,0.37086699932591,0,0.48,0,"rt"
"262","6",0,9,26.7826086956522,0.852339756193472,0.787004998077662,0.444948218956943,0,0.46,0,"rt"
"263","6",0,7,27.6276595744681,0.844109248913718,0.773164167627835,0.409536270975727,0,0.47,0,"rt"
"264","6",0,12,18.02,0.826594476455394,0.758169934640523,0.441511297410387,0,0.5,0,"rt"
"265","6",0,11,20.8673469387755,0.825329134951528,0.770857362552864,0.507670741621184,0,0.49,0,"rt"
"266","6",0,11,21.53125,0.830280225764927,0.770472895040369,0.424848482644553,0,0.48,0,"rt"
"267","6",0,11,23.7978723404255,0.848263321953392,0.778162245290273,0.494651664020091,0,0.47,0,"rt"
"268","6",0,10,21.968085106383,0.840357567353407,0.765859284890427,0.444732214607936,0,0.47,0,"rt"
"269","6",0,10,25.6818181818182,0.859375771643044,0.784698193002691,0.415333064187983,0,0.44,0,"rt"
"270","6",0,10,21.4148936170213,0.853904063792378,0.788158400615148,0.48036983732099,0,0.47,0,"rt"
"271","6",0,11,23.804347826087,0.85836599186241,0.775470972702807,0.28640419211451,0,0.46,0,"rt"
"272","6",0,13,21.58,0.808273291925466,0.745098039215686,0.349330527481768,0,0.5,0,"rt"
"273","6",0,15,16.4912280701754,0.772656346749226,0.72241445597847,0.374807361116284,0,0.57,0,"rt"
"274","6",0,16,20.2254901960784,0.796850491721648,0.74240676662822,0.340539262689435,0,0.51,0,"rt"
"275","6",0,19,13.0603448275862,0.730619915432358,0.711649365628604,0.417591970695239,0,0.58,0,"rt"
"276","6",0,16,22.2,0.834312558877485,0.776239907727797,0.348622027287611,0,0.5,0,"rt"
"277","6",0,8,24.42,0.803404647455854,0.745098039215686,0.36904781921815,0,0.5,0,"rt"
"278","6",0,13,19.3586956521739,0.865621890547264,0.786620530565167,0.492506877132946,0,0.46,0,"rt"
"279","6",0,7,24.8,0.827011394384728,0.763936947327951,0.331665371958731,0,0.5,0,"rt"
"280","6",0,11,25.81,0.813119149887032,0.755094194540561,0.436902935005655,0,0.5,0,"rt"
"281","6",0,13,25.1914893617021,0.854818724754046,0.782006920415225,0.413244848935662,0,0.47,0,"rt"
"282","6",0,5,29.6595744680851,0.829335976214073,0.76316801230296,0.369094683991712,0,0.47,0,"rt"
"283","6",0,14,22.6122448979592,0.833602825940944,0.772395232602845,0.213398976444605,0,0.49,0,"rt"
"284","6",0,15,18.8207547169811,0.799953026107595,0.745482506728182,0.44180057470339,0,0.53,0,"rt"
"285","6",0,16,19.9716981132075,0.801331743192208,0.745866974240677,0.256297249622811,0,0.53,0,"rt"
"286","6",0,12,26.02,0.809265080818832,0.758938869665513,0.499289388673185,0,0.5,0,"rt"
"287","6",0,9,23.6346153846154,0.791057737637397,0.737408688965782,0.474722199483834,0,0.52,0,"rt"
"288","6",0,7,25.2553191489362,0.84327967053538,0.781237985390234,0.381461986368064,0,0.47,0,"rt"
"289","6",0,16,18.375,0.796777302721004,0.750096116878124,0.433963737021183,0,0.52,0,"rt"
"290","6",0,20,17.6637931034483,0.751344152320821,0.715878508266051,0.384867143695802,0,0.58,0,"rt"
"291","6",0,20,16.2456140350877,0.752333540759179,0.718569780853518,0.300000760234683,0,0.57,0,"rt"
"292","6",0,14,20.2352941176471,0.806037155542327,0.749711649365629,0.444854824733139,0,0.51,0,"rt"
"293","6",0,11,22.68,0.809583250939292,0.764705882352941,0.348318829732696,0,0.5,0,"rt"
"294","6",0,13,21.656862745098,0.815875694996029,0.76163014225298,0.368502862459345,0,0.51,0,"rt"
"295","6",0,12,22.3333333333333,0.8026786157589,0.750865051903114,0.438309425755864,0,0.51,0,"rt"
"296","6",0,6,22.304347826087,0.836689204249944,0.759323337178008,0.414716777794626,0,0.46,0,"rt"
"297","6",0,12,20.9339622641509,0.801001878522229,0.743944636678201,0.304174682810145,0,0.53,0,"rt"
"298","6",0,18,15.7777777777778,0.868607405560404,0.793925413302576,0.584760207586505,0,0.45,0,"rt"
"299","6",0,9,21.90625,0.839143685423326,0.773548635140331,0.386119513550528,0,0.48,0,"rt"
"300","6",0,8,27.2391304347826,0.855746570415023,0.785467128027682,0.380586835220537,0,0.46,0,"rt"
"301","7",0,7,28.5,0.891961231470924,0.793540945790081,0.545809947035415,0,0.42,0,"rt"
"302","7",0,9,30.2222222222222,0.950938397543825,0.843906189926951,0.525487840740676,0,0.36,0,"rt"
"303","7",0,7,27.1944444444444,0.958398685488087,0.833141099577086,0.518149074245196,0,0.36,0,"rt"
"304","7",0,9,23.5,0.913751850024667,0.816993464052288,0.531535077551864,0,0.41,0,"rt"
"305","7",0,10,25.7441860465116,0.891593638429081,0.793540945790081,0.393633035598459,0,0.43,0,"rt"
"306","7",0,10,23.2872340425532,0.845793928562564,0.779315647827759,0.368249667927008,0,0.47,0,"rt"
"307","7",0,9,26.3026315789474,0.930348011716229,0.810073048827374,0.471606207837025,0,0.38,0,"rt"
"308","7",0,10,25.7083333333333,0.946661408395159,0.838139177239523,0.608136167921811,0,0.36,0,"rt"
"309","7",0,7,25.4857142857143,0.963337516301272,0.838908112264514,0.508492311880715,0,0.35,0,"rt"
"310","7",0,7,23.7291666666667,0.820222772277228,0.762014609765475,0.479534377475652,0,0.48,0,"rt"
"311","7",0,5,27,0.879951475539711,0.798923490965013,0.514055663984341,0,0.43,0,"rt"
"312","7",0,11,22.8837209302326,0.875383972673433,0.788542868127643,0.479340377128088,0,0.43,0,"rt"
"313","7",0,7,27.1463414634146,0.914057627541474,0.810073048827374,0.419830151774026,0,0.41,0,"rt"
"314","7",0,21,18.9711538461538,0.791959339137317,0.753556324490581,0.524490613476198,0,0.52,0,"rt"
"315","7",0,9,25.725,0.894670333754553,0.806997308727412,0.539203947777821,0,0.4,0,"rt"
"316","7",0,5,31.4868421052632,0.928521937096335,0.821991541714725,0.388947627501662,0,0.38,0,"rt"
"317","7",0,4,30.8333333333333,0.948337321766876,0.827374086889658,0.575522224586295,0,0.36,0,"rt"
"318","7",0,11,23.51,0.802567524155485,0.7520184544406,0.454509773726298,0,0.5,0,"rt"
"319","7",0,6,34.2068965517241,1.02141702921069,0.868896578239139,0.453009858213874,0,0.29,0,"rt"
"320","7",0,7,24.1829268292683,0.904783728880741,0.801230296039985,0.397421111006108,0,0.41,0,"rt"
"321","7",0,9,24.0980392156863,0.803152355537821,0.743944636678201,0.527439896064979,0,0.51,0,"rt"
"322","7",0,9,25.6829268292683,0.899883672004554,0.806997308727412,0.387853857678879,0,0.41,0,"rt"
"323","7",0,12,20.1707317073171,0.904076590487956,0.815071126489812,0.612424842091069,0,0.41,0,"rt"
"324","7",0,4,27.8142857142857,0.963653908009006,0.839292579777009,0.410235134059077,0,0.35,0,"rt"
"325","7",0,10,26.3625,0.913835585753752,0.816608996539792,0.555613538867245,0,0.4,0,"rt"
"326","7",0,9,25.8181818181818,0.878062374594367,0.797385620915033,0.501943441488382,0,0.44,0,"rt"
"327","7",0,7,27.8529411764706,0.976132525332803,0.843521722414456,0.507997597942779,0,0.34,0,"rt"
"328","7",0,7,23.9125,0.921905734133406,0.805074971164937,0.582858256744067,0,0.4,0,"rt"
"329","7",0,9,22.3068181818182,0.890194317643244,0.796232218377547,0.389060463798466,0,0.44,0,"rt"
"330","7",0,7,27.1666666666667,0.916122755597153,0.816993464052288,0.486747745748003,0,0.39,0,"rt"
"331","7",0,11,21.8695652173913,0.844160348842971,0.77124183006536,0.472655143526835,0,0.46,0,"rt"
"332","7",0,8,26.6060606060606,0.981302729528536,0.85198000768935,0.460278214302258,0,0.33,0,"rt"
"333","7",0,10,23.3947368421053,0.945197670095427,0.828911956939639,0.452268538344223,0,0.38,0,"rt"
"334","7",0,11,27.702380952381,0.894003935929054,0.798923490965013,0.419636178734798,0,0.42,0,"rt"
"335","7",0,7,24.3552631578947,0.942376129208869,0.825836216839677,0.559503476481261,0,0.38,0,"rt"
"336","7",0,9,25.5,0.873282404881194,0.793156478277586,0.346638409365221,0,0.45,0,"rt"
"337","7",0,6,24.2820512820513,0.908819243782569,0.813917723952326,0.576617502242564,0,0.39,0,"rt"
"338","7",0,6,24.8068181818182,0.875604466822873,0.787004998077662,0.451752463560045,0,0.44,0,"rt"
"339","7",0,14,23.6219512195122,0.906698089804019,0.804690503652441,0.503461004770042,0,0.41,0,"rt"
"340","7",0,7,27.6875,0.91224983780007,0.803537101114956,0.576337252980052,0,0.4,0,"rt"
"341","7",0,8,23.6216216216216,0.943546986277575,0.830449826989619,0.385655679763017,0,0.37,0,"rt"
"342","7",0,13,22.5729166666667,0.829376854599407,0.765090349865436,0.401559056819167,0,0.48,0,"rt"
"343","7",0,6,28.6052631578947,0.934231240160924,0.820069204152249,0.588941790096421,0,0.38,0,"rt"
"344","7",0,12,24.2,0.963417655657689,0.837370242214533,0.435045131988975,0,0.35,0,"rt"
"345","7",0,6,25.175,0.909662714228776,0.808150711264898,0.548907418483808,0,0.4,0,"rt"
"346","7",0,7,25.275,0.904039161664863,0.816993464052288,0.574473714500278,0,0.4,0,"rt"
"347","7",0,10,26.1627906976744,0.882671435312818,0.789696270665129,0.444788032913152,0,0.43,0,"rt"
"348","7",0,11,24.047619047619,0.913045646049909,0.81276432141484,0.482315571548791,0,0.42,0,"rt"
"349","7",0,7,25.0243902439024,0.907827657889527,0.806228373702422,0.460416644068843,0,0.41,0,"rt"
"350","7",0,6,25.25,0.882330256512328,0.789311803152634,0.357433229678615,0,0.44,0,"rt"
"351","8",0,7,26.4428571428571,0.963226924028706,0.845059592464437,0.408483143248397,0,0.35,0,"rt"
"352","8",0,9,26.5147058823529,0.968191812634336,0.837754709727028,0.452598573079541,0,0.34,0,"rt"
"353","8",0,9,27.0483870967742,1.00242109706737,0.856593617839293,0.741769524846356,0,0.31,0,"rt"
"354","8",0,13,24.3157894736842,0.920515481750562,0.815455594002307,0.588793235893831,0,0.38,0,"rt"
"355","8",0,2,37.0833333333333,1.1242745175852,0.921184159938485,0.670499947881085,0,0.18,0,"rt"
"356","8",0,10,23.8611111111111,0.953627135429562,0.843906189926951,0.699096064225242,0,0.36,0,"rt"
"357","8",0,4,27.6060606060606,0.973260508781056,0.844290657439446,0.483896032776247,0,0.33,0,"rt"
"358","8",0,10,20.3648648648649,0.950306582284715,0.843906189926951,0.558469121447206,0,0.37,0,"rt"
"359","8",0,8,26.5625,0.914344466600199,0.810457516339869,0.607319419855934,0,0.4,0,"rt"
"360","8",0,6,31.7027027027027,0.946795586959217,0.833141099577086,0.565369539601424,0,0.37,0,"rt"
"361","8",0,9,26.2820512820513,0.931223934270659,0.821222606689735,0.387468781326229,0,0.39,0,"rt"
"362","8",0,3,34.44,1.05830164765526,0.893886966551326,0.50368143386891,0,0.25,0,"rt"
"363","8",0,12,20.1875,0.995308561874579,0.854671280276817,0.53412667423738,0,0.32,0,"rt"
"364","8",0,5,30.3833333333333,1.00398692486752,0.860053825451749,0.549621233948161,0,0.3,0,"rt"
"365","8",0,5,29.0161290322581,1.00350669234948,0.862745098039216,0.285887255429251,0,0.31,0,"rt"
"366","8",0,4,29.3939393939394,0.975925742082796,0.848519800076894,0.446175531367799,0,0.33,0,"rt"
"367","8",0,5,26.5735294117647,0.982281023707965,0.853133410226836,0.633094432971294,0,0.34,0,"rt"
"368","8",0,5,29.8214285714286,1.02766627019526,0.872356785851596,0.484969398790682,0,0.28,0,"rt"
"369","8",0,5,30.8833333333333,1.01251058108848,0.867743175701653,0.595932524515451,0,0.3,0,"rt"
"370","8",0,7,29.3870967741935,1.00323254426099,0.863898500576701,0.72462120163358,0,0.31,0,"rt"
"371","8",0,5,30.98,1.06309085481142,0.893886966551326,0.563173889715318,0,0.25,0,"rt"
"372","8",0,9,25.9027777777778,0.941863050244553,0.826989619377163,0.515248643314747,0,0.36,0,"rt"
"373","8",0,3,33.0535714285714,1.03082661743057,0.869281045751634,0.512858867557726,0,0.28,0,"rt"
"374","8",0,10,24.0285714285714,0.973577185368878,0.84083044982699,0.484574721813288,0,0.35,0,"rt"
"375","8",0,7,31.037037037037,1.04628297956755,0.885044213763937,0.555813440202572,0,0.27,0,"rt"
"376","8",0,3,33.4,1.04717376822679,0.885044213763937,0.5457689875279,0,0.25,0,"rt"
"377","8",0,7,27.4722222222222,0.955528073212961,0.834678969627067,0.328323957598282,0,0.36,0,"rt"
"378","8",0,5,29.74,1.0691711463933,0.893118031526336,0.587308732729741,0,0.25,0,"rt"
"379","8",0,6,30.6129032258065,1.00879758128469,0.868896578239139,0.682975945659564,0,0.31,0,"rt"
"380","8",0,5,30.7708333333333,1.07122595735151,0.902345251826221,0.49068735291876,0,0.24,0,"rt"
"381","8",0,7,28.5333333333333,1.01537640547048,0.873125720876586,0.649205207179834,0,0.3,0,"rt"
"382","8",0,5,28.859375,0.997133527754929,0.855055747789312,0.507225575210136,0,0.32,0,"rt"
"383","8",0,6,28.0833333333333,1.00599425344298,0.859669357939254,-0.0223841328391949,0,0.3,0,"rt"
"384","8",0,5,25.3636363636364,0.97496027410865,0.838139177239523,0.680166660601169,0,0.33,0,"rt"
"385","8",0,5,28.2352941176471,0.978832809145824,0.845444059976932,0.465388333051548,0,0.34,0,"rt"
"386","8",0,7,26.8484848484848,0.981452552753602,0.846597462514418,0.551573047564937,0,0.33,0,"rt"
"387","8",0,3,36.7391304347826,1.07310202764748,0.896962706651288,0.53915465101344,0,0.23,0,"rt"
"388","8",0,6,34.3793103448276,1.02601472343812,0.874279123414072,0.678452993849857,0,0.29,0,"rt"
"389","8",0,5,28.6060606060606,0.986758593224979,0.84236831987697,0.544752898785705,0,0.33,0,"rt"
"390","8",0,5,26.5925925925926,1.04821855095541,0.878508266051519,0.519688157429992,0,0.27,0,"rt"
"391","8",0,3,32.1730769230769,1.03811514956578,0.868896578239139,0.607353117482231,0,0.26,0,"rt"
"392","8",0,6,29.0909090909091,0.967576961271102,0.833910034602076,0.614424325612831,0,0.33,0,"rt"
"393","8",0,3,31.4310344827586,1.02187546477616,0.874279123414072,0.644166322934774,0,0.29,0,"rt"
"394","8",0,6,30.9411764705882,0.980025388291517,0.846981930026913,0.371450618732685,0,0.34,0,"rt"
"395","8",0,3,31.6851851851852,1.03760715616847,0.879661668589004,0.501630502773585,0,0.27,0,"rt"
"396","8",0,3,31.551724137931,1.0226102529662,0.869665513264129,0.572452925959788,0,0.29,0,"rt"
"397","8",0,7,26.375,0.998076159269189,0.861207227989235,0.592084840899518,0,0.32,0,"rt"
"398","8",0,7,32.7424242424242,0.978588795712797,0.853517877739331,0.523490640051433,0,0.33,0,"rt"
"399","8",0,7,30.46875,0.983786120029637,0.857362552864283,0.596231397645283,0,0.32,0,"rt"
"400","8",0,4,30.5416666666667,1.0747626385644,0.89196462898885,0.312927334219086,0,0.24,0,"rt"
"401","9",0,1,37.25,1.08397182402373,0.905805459438677,0.548696661643738,0,0.22,0,"rt"
"402","9",0,5,34.6666666666667,1.13007978525091,0.926182237600923,0.573948229502196,0,0.18,0,"rt"
"403","9",0,3,28.72,1.04403583911781,0.886582083813918,0.787310511331792,0,0.25,0,"rt"
"404","9",0,5,27.9642857142857,1.03188899103083,0.882352941176471,0.485948174546412,0,0.28,0,"rt"
"405","9",0,3,34.804347826087,1.06537891878548,0.89119569396386,0.625160218758698,0,0.23,0,"rt"
"406","9",0,4,33.5476190476191,1.09094853232844,0.905036524413687,0.632022699247948,0,0.21,0,"rt"
"407","9",0,3,24.203125,1.00152707769473,0.863898500576701,0.709349056898787,0,0.32,0,"rt"
"408","9",0,3,37.6944444444444,1.11546063196383,0.917723952326028,0.599082996232396,0,0.18,0,"rt"
"409","9",0,8,26.8,1.04834192525032,0.881199538638985,0.620880678858587,0,0.25,0,"rt"
"410","9",0,3,33.2631578947368,1.11059633823056,0.908881199538639,0.683895932996445,0,0.19,0,"rt"
"411","9",0,2,30.875,1.18828352815094,0.95117262591311,0.716661417159358,0,0.12,0,"rt"
"412","9",0,5,31.9107142857143,1.02690860481236,0.88081507112649,0.604974371055119,0,0.28,0,"rt"
"413","9",0,2,36.6315789473684,1.11025469996788,0.912725874663591,0.79026000247481,0,0.19,0,"rt"
"414","9",0,4,30.6428571428571,1.0961490621424,0.907727797001153,0.677334803098034,0,0.21,0,"rt"
"415","9",0,5,33.7368421052632,1.10979804979458,0.914263744713572,0.645336528526619,0,0.19,0,"rt"
"416","9",0,6,31.8636363636364,1.08576637809143,0.90080738177624,0.55622985885094,0,0.22,0,"rt"
"417","9",0,0,42.1333333333333,1.15678685577307,0.932718185313341,0.396425965879237,0,0.15,0,"rt"
"418","9",0,3,31.9210526315789,1.11610403159699,0.923490965013456,0.686720882437553,0,0.19,0,"rt"
"419","9",0,4,25.2884615384615,1.03666650116677,0.876585928489043,0.723163204136314,0,0.26,0,"rt"
"420","9",0,3,29.225,1.09250922509225,0.912341407151096,0.424640812954074,0,0.2,0,"rt"
"421","9",0,1,35.25,1.09002577830656,0.906189926951173,0.616640139733707,0,0.22,0,"rt"
"422","9",0,7,27.25,1.01922696962213,0.870049980776624,0.578920789199989,0,0.28,0,"rt"
"423","9",0,1,36.4615384615385,1.16996224165342,0.942714340638216,0.759396315746124,0,0.13,0,"rt"
"424","9",0,3,36.7826086956522,1.07638026139244,0.902729719338716,0.697727013883641,0,0.23,0,"rt"
"425","9",0,3,37.06,1.06225473150862,0.890042291426374,0.704748789298869,0,0.25,0,"rt"
"426","9",0,4,33.2083333333333,1.0679353894251,0.899653979238754,0.731667846730357,0,0.24,0,"rt"
"427","9",0,3,29.8,1.10794818884718,0.914263744713572,0.712983063853059,0,0.2,0,"rt"
"428","9",0,6,25.8695652173913,1.07130482130482,0.896193771626298,0.814056231819509,0,0.23,0,"rt"
"429","9",0,3,32.9038461538462,1.04521788481469,0.885044213763937,0.585306541030849,0,0.26,0,"rt"
"430","9",0,3,33.5161290322581,0.991591942174421,0.855055747789312,0.56300208239917,0,0.31,0,"rt"
"431","9",0,3,33.5652173913044,1.0675338472181,0.89119569396386,0.56787270142375,0,0.23,0,"rt"
"432","9",0,2,36.7291666666667,1.08346417445483,0.90157631680123,0.624778761208472,0,0.24,0,"rt"
"433","9",0,2,36.0416666666667,1.07235045917101,0.899269511726259,0.490411007517961,0,0.24,0,"rt"
"434","9",0,3,31.5576923076923,1.05699275452531,0.89042675893887,0.313298745663469,0,0.26,0,"rt"
"435","9",0,4,32.4782608695652,1.07672285572633,0.90080738177624,0.864270243840461,0,0.23,0,"rt"
"436","9",0,4,32.0217391304348,1.07202659135781,0.888504421376394,0.736113271303569,0,0.23,0,"rt"
"437","9",0,3,35,1.02978033136036,0.876585928489043,0.58643240176594,0,0.28,0,"rt"
"438","9",0,4,33.425,1.09305607129595,0.911956939638601,0.640156040925103,0,0.2,0,"rt"
"439","9",0,6,23.7222222222222,1.04736228866082,0.89196462898885,0.61842878736843,0,0.27,0,"rt"
"440","9",0,7,32.3793103448276,1.02186016454155,0.876585928489043,0.366862732996334,0,0.29,0,"rt"
"441","9",0,4,36.4,1.06067943174799,0.89196462898885,0.643788745192177,0,0.25,0,"rt"
"442","9",0,6,30.5652173913043,1.08345769288166,0.902345251826221,0.480258512813795,0,0.23,0,"rt"
"443","9",0,8,25.56,1.0500706267192,0.88081507112649,0.82035856206947,0,0.25,0,"rt"
"444","9",0,4,32.125,1.06008902077151,0.895809304113802,0.593790897055308,0,0.24,0,"rt"
"445","9",0,5,29.3636363636364,1.08224058587758,0.906189926951173,0.599346479092523,0,0.22,0,"rt"
"446","9",0,5,32.02,1.0505469214017,0.88158400615148,0.529693494340871,0,0.25,0,"rt"
"447","9",0,3,36.975,1.09825251850202,0.909650134563629,0.735914286270484,0,0.2,0,"rt"
"448","9",0,7,29.9130434782609,1.07293134564513,0.896578239138793,0.747900757054687,0,0.23,0,"rt"
"449","9",0,10,28.5,1.07726228414734,0.900422914263745,0.574985212589655,0,0.22,0,"rt"
"450","9",0,6,34.4047619047619,1.08799820309965,0.904267589388697,0.809748599496215,0,0.21,0,"rt"
"451","10",0,2,33.9117647058824,1.12788177339901,0.928489042675894,0.785351779319487,0,0.17,0,"rt"
"452","10",0,7,27.0277777777778,1.12316221969209,0.925028835063437,0.546298320927745,0,0.18,0,"rt"
"453","10",0,3,34.0909090909091,1.17671809256662,0.950019223375625,0.520222930033773,0,0.11,0,"rt"
"454","10",0,2,40,1.20897075788735,0.955017301038062,0.535702292198553,0,0.1,0,"rt"
"455","10",0,0,40.375,1.26228589922326,0.985390234525183,1.03334345352509,0.75,0.04,0,"rt"
"456","10",0,3,35.4375,1.14521995150675,0.935409457900807,0.674092882228089,0,0.16,0,"rt"
"457","10",0,4,29.25,1.11541678968605,0.918492887351019,0.71335137969758,0,0.18,0,"rt"
"458","10",0,2,29.0833333333333,1.24221643808189,0.972318339100346,1.10346595588061,3.66666666666667,0.06,0,"rt"
"459","10",0,2,33.7619047619048,1.08786288216125,0.905805459438677,0.684989882815147,0,0.21,0,"rt"
"460","10",0,1,37.65625,1.13939491311763,0.932718185313341,0.652482083419289,0,0.16,0,"rt"
"461","10",0,1,33.6,1.15767475318748,0.938100730488274,0.616018448289437,0,0.15,0,"rt"
"462","10",0,3,38.7368421052632,1.10802453804888,0.915032679738562,0.552245851302853,0,0.19,0,"rt"
"463","10",0,2,35.0588235294118,1.13469907521883,0.928489042675894,0.862530280746889,0,0.17,0,"rt"
"464","10",0,1,40.2142857142857,1.20985513662412,0.966166858900423,1.04873419601334,3,0.07,0,"rt"
"465","10",0,6,32.4722222222222,1.13085670208266,0.924644367550942,0.687155456690807,0,0.18,0,"rt"
"466","10",0,6,28.0238095238095,1.09050999208548,0.905036524413687,0.583712420779565,0,0.21,0,"rt"
"467","10",0,3,31.5714285714286,1.16934582225645,0.943867743175702,0.578251748762316,0,0.14,0,"rt"
"468","10",0,3,33.8055555555556,1.11714363789934,0.916186082276048,0.672925816654163,0,0.18,0,"rt"
"469","10",0,4,30.1388888888889,1.12815987671199,0.924259900038447,0.483893259369292,0,0.18,0,"rt"
"470","10",0,0,32.7666666666667,1.15266413889443,0.928489042675894,0.648869505010794,0,0.15,0,"rt"
"471","10",0,3,34.1666666666667,1.15452442543031,0.93118031526336,0.849999985210295,0,0.15,0,"rt"
"472","10",0,1,28.6666666666667,1.23377444056204,0.971933871587851,1.10242615171897,1.5,0.06,0,"rt"
"473","10",0,1,33.9090909090909,1.18062407498767,0.952710495963091,0.796491936729569,0,0.11,0,"rt"
"474","10",0,2,41.7777777777778,1.21296895213454,0.963475586312957,0.604766450657292,0,0.09,0,"rt"
"475","10",0,2,37.5,1.18051992896606,0.953479430988082,0.777522383033158,0,0.11,0,"rt"
"476","10",0,0,41.6153846153846,1.1656309573915,0.939254133025759,0.618876742179481,0,0.13,0,"rt"
"477","10",0,1,39.6538461538462,1.16380033557047,0.944636678200692,0.457272174093968,0,0.13,0,"rt"
"478","10",0,2,38,1.20834369250659,0.964244521337947,0.76091266265859,0,0.09,0,"rt"
"479","10",0,1,35.0714285714286,1.16849004410995,0.938100730488274,0.806789936584032,0,0.14,0,"rt"
"480","10",0,0,41.9166666666667,1.17100864267849,0.95040369088812,0.681277705611062,0,0.12,0,"rt"
"481","10",0,4,36,1.10724230520611,0.915417147251057,0.785634695761458,0,0.2,0,"rt"
"482","10",0,3,33.3571428571429,1.15682139578733,0.935024990388312,0.55609941828851,0,0.14,0,"rt"
"483","10",0,3,39,1.1493652258499,0.931949250288351,0.564979034607695,0,0.16,0,"rt"
"484","10",0,3,32.5526315789474,1.11957032893597,0.919646289888504,0.862927774627048,0,0.19,0,"rt"
"485","10",0,4,33.8461538461538,1.17085683054679,0.944636678200692,0.62952954539212,0,0.13,0,"rt"
"486","10",0,2,35.8125,1.1413740987587,0.932333717800846,0.838589651471157,0,0.16,0,"rt"
"487","10",0,4,23.6,1.20650603010067,0.958477508650519,0.842781167421338,0,0.1,0,"rt"
"488","10",0,1,35.1,1.15534016729132,0.935024990388312,0.883250656692885,0,0.15,0,"rt"
"489","10",0,7,31.9166666666667,1.12108872165561,0.925028835063437,0.528682645782455,0,0.18,0,"rt"
"490","10",0,3,35.4117647058824,1.11943475140446,0.92079969242599,0.833527903462736,0,0.17,0,"rt"
"491","10",0,3,34.08,1.05754298047582,0.887351018838908,0.81270035322317,0,0.25,0,"rt"
"492","10",0,3,34,1.16274193548387,0.942329873125721,0.733644653748006,0,0.14,0,"rt"
"493","10",0,3,32.2857142857143,1.16065890992086,0.942329873125721,0.771945973537139,0,0.14,0,"rt"
"494","10",0,4,35,1.16707470880629,0.948096885813149,0.610049146150536,0,0.13,0,"rt"
"495","10",0,2,35.5882352941176,1.12727408106029,0.925413302575932,0.807115250738875,0,0.17,0,"rt"
"496","10",0,1,39.25,1.24752942344937,0.98077662437524,1.14516373259961,2.25,0.04,0,"rt"
"497","10",0,1,33.25,1.18224391449401,0.951557093425606,0.98127522635441,0,0.12,0,"rt"
"498","10",0,5,30.03125,1.13852980659275,0.926566705113418,0.859425580143704,0,0.16,0,"rt"
"499","10",0,1,38.8333333333333,1.20572807126067,0.963091118800461,0.398910801811096,0,0.09,0,"rt"
"500","10",0,1,38.1,1.14912106957168,0.933871587850827,0.189818693683418,0,0.15,0,"rt"
