K,unsatisfied,payoffs,TotalBM,GreenPatches,beta.i,k.i,numLoggers,numCheaters
0,0,0,40198,2601,0.51255008,0,1000,0
0,610,-5.6285,131.5,28,0.51261341,2.826,1000,0
6.077,723,-49.5965,7.5,5,0.51273368,6.077,1000,0
6.077,4,-49.987,761.5,196,0.51260039,6.101,1000,0
6.077,0,-48.74724725,800,213,0.51243584,6.069069069,999,1
6.077,9,-48.68768769,954,238,0.51241957,6.084084084,999,0
6.077,7,-48.46596597,1104,284,0.51198852,6.106106106,999,0
6.077,14,-48.2022022,1033,261,0.51200502,6.152152152,999,0
6.077,15,-48.28678679,994,251,0.51189287,6.181181181,999,0
6.077,12,-48.40471414,1122.5,281,0.5121521,6.204613842,997,2
6.077,8,-48.15346038,1135,285,0.51224053,6.23671013,997,0
6.077,16,-48.16298897,1116,284,0.51279425,6.311935807,997,0
6.077,11,-48.23092369,1087,274,0.51269639,6.332329317,996,1
6.077,15,-48.27309237,1001.5,248,0.51289931,6.384538153,996,0
6.077,13,-48.36519115,981.5,252,0.51313179,6.426559356,994,2
6.077,10,-48.42303823,1070.5,269,0.51317854,6.469818913,994,0
6.077,12,-48.30382294,1151,296,0.51294337,6.509054326,994,0
6.077,14,-48.10836694,1128.5,291,0.51296033,6.530241935,992,2
6.077,14,-48.11794355,1063.5,277,0.51264553,6.583669355,992,0
6.077,11,-48.28002018,1152.5,286,0.51278945,6.626639758,991,1
6.077,13,-48.11806256,1030.5,255,0.51287842,6.677093845,991,0
6.077,15,-48.29807692,984.5,257,0.51264104,6.678137652,988,3
6.077,19,-48.31965552,871,221,0.51280517,6.730496454,987,1
6.077,15,-48.53803245,1036,272,0.51243125,6.778904665,986,1
6.077,16,-48.26880081,1045,257,0.51087616,6.81097561,984,2
6.077,14,-48.33180894,1064.5,272,0.51095081,6.867886179,984,0
6.077,12,-48.26117886,995,249,0.51120264,6.909552846,984,0
6.077,13,-48.42581301,1026,255,0.51124499,6.953252033,984,0
6.077,18,-48.36229675,1018,256,0.51158149,7.022357724,984,0
6.077,17,-48.33028455,1164,289,0.51120176,7.068089431,984,0
6.077,20,-48.11965377,1132.5,280,0.51184263,7.093686354,982,2
6.077,17,-48.19093686,990,244,0.51205339,7.16191446,982,0
6.077,14,-48.38481142,817,213,0.51258077,7.193679918,981,1
6.077,15,-48.625,981,252,0.5131451,7.241836735,980,1
6.077,16,-48.37423313,984.5,245,0.51277322,7.298568507,978,2
6.077,14,-48.39161554,940,239,0.51289318,7.346625767,978,0
6.077,14,-48.48004094,1086.5,276,0.51256175,7.377686796,977,1
6.077,13,-48.15983607,982.5,247,0.51304412,7.442622951,976,1
6.077,18,-48.38501027,1022,265,0.51307359,7.469199179,974,2
6.077,13,-48.27852004,1250,324,0.51296781,7.515930113,973,1
6.077,10,-47.8909465,1208,302,0.51317171,7.524691358,972,1
6.077,15,-48.04119464,1153.5,276,0.51329314,7.576725026,971,1
6.077,19,-48.13350515,1001,255,0.51367878,7.64742268,970,1
6.077,18,-48.35677353,1174,292,0.51371645,7.68459152,967,3
6.077,14,-48.06853583,1154.5,280,0.5130632,7.705088266,963,4
6.077,15,-48.11979167,1001.5,247,0.51317116,7.725,960,3
6.077,15,-48.3076121,937.5,249,0.51407081,7.775808133,959,1
6.077,13,-48.38686131,1148,289,0.51407401,7.810218978,959,0
6.077,13,-48.1052356,1165,285,0.51329862,7.786387435,955,4
6.077,20,-48.09633508,1130,287,0.51370809,7.859685864,955,0
6.077,14,-48.07631579,1205,307,0.5137001,7.845263158,950,5
6.077,13,-47.93466807,1064,265,0.51336144,7.881981033,949,1
6.077,21,-48.1935654,939,240,0.51318451,7.957805907,948,1
6.077,16,-48.41005291,995,242,0.51408566,7.976719577,945,3
6.077,6,-48.29396186,922.5,240,0.51396465,7.950211864,944,1
6.077,14,-48.35858051,904.5,226,0.51406945,7.993644068,944,0
6.077,17,-48.45227996,990.5,255,0.51354845,8.025450689,943,1
6.077,11,-48.30414013,1122.5,287,0.51321224,8.049893843,942,1
6.077,14,-48.06269926,1077,277,0.51320396,8.073326249,941,1
6.077,23,-48.13138298,1048,274,0.51330084,8.157446809,940,1
6.077,11,-48.18244681,983.5,259,0.51358819,8.173404255,940,0
6.077,16,-48.26223404,1062,261,0.51486171,8.243617021,940,0
6.077,16,-48.23670213,1051.5,264,0.51500877,8.306382979,940,0
6.077,15,-48.22736954,1195.5,295,0.5149772,8.322683706,939,1
6.077,15,-47.96588486,1013,252,0.51409612,8.355010661,938,1
6.077,22,-48.19581545,967.5,247,0.51478769,8.354077253,932,6
6.077,15,-48.30376344,998.5,253,0.51575668,8.37311828,930,2
6.077,19,-48.26400862,1071,267,0.51514984,8.421336207,928,2
6.077,19,-48.12958963,997.5,251,0.51535261,8.452483801,926,2
6.077,15,-48.22258415,1024,263,0.5155087,8.449511401,921,5
6.077,16,-48.17880435,1118.5,285,0.51562427,8.491304348,920,1
6.077,10,-48.00380849,1080.5,269,0.51567521,8.517954298,919,1
6.077,11,-48.10687023,1045,264,0.51546467,8.531079607,917,2
6.077,17,-48.16393443,1001.5,261,0.51565556,8.559562842,915,2
6.077,23,-48.26393443,1164,294,0.51561525,8.645901639,915,0
6.077,15,-47.95279912,1068,263,0.51568054,8.665203074,911,4
6.077,22,-48.10428101,988,252,0.51580942,8.762897914,911,0
6.077,14,-48.22350993,1052.5,262,0.51547006,8.749448124,906,5
6.077,12,-48.1244469,1025.5,261,0.51537466,8.767699115,904,2
6.077,17,-48.10698448,1051.5,275,0.51541972,8.800443459,902,2
6.077,10,-48.03,1145,293,0.51471338,8.824444444,900,2
6.077,14,-47.91277778,1044,257,0.51441383,8.89,900,0
6.077,14,-48.14516129,1096.5,275,0.51467377,8.911012236,899,1
6.077,21,-47.99888393,951,240,0.5159282,8.959821429,896,3
6.077,21,-48.2328844,1103.5,286,0.51414263,8.978675645,891,5
6.077,16,-47.88135593,1026,256,0.51500169,8.997740113,885,6
6.077,17,-48.12188209,1071.5,275,0.51448617,8.995464853,882,3
6.077,14,-48.05448354,1193.5,300,0.51489547,9.029511918,881,1
6.077,12,-47.82650739,1145,297,0.51547272,9.043230944,879,2
6.077,11,-47.80927835,1178.5,292,0.5151177,8.991981672,873,6
6.077,19,-47.84174312,1078,275,0.51520882,9.040137615,872,1
6.077,14,-48.04660529,1123.5,271,0.5143382,9.046029919,869,3
6.077,22,-47.96770473,1037,259,0.51522157,9.100346021,867,3
6.077,14,-48.04634994,1029.5,263,0.51502114,9.101969873,863,4
6.077,19,-48.07383721,1112.5,276,0.51413944,9.139534884,860,3
6.077,16,-47.91656943,901,236,0.51403174,9.134189032,857,4
6.077,20,-48.23856975,1092,287,0.5145628,9.181711606,853,4
6.077,16,-47.7844523,911.5,228,0.51524281,9.202591284,849,4
6.077,14,-48.28066038,954.5,242,0.51541462,9.262971698,848,1
6.077,13,-48.21453901,971.5,251,0.51577589,9.306146572,846,2
6.077,12,-48.14201183,1164,283,0.51633771,9.326627219,845,1
6.077,12,-47.90876777,1073,263,0.51586024,9.341232227,844,1
6.077,15,-47.95957194,1106.5,279,0.51601378,9.367419738,841,3
6.077,14,-47.86650775,1044.5,271,0.51717656,9.369487485,839,2
6.077,13,-47.95704057,1168,292,0.51751139,9.399761337,838,1
6.077,14,-47.80299401,1022,259,0.51760473,9.405988024,835,3
6.077,16,-48.02888087,1071.5,264,0.51734113,9.388688327,831,4
6.077,13,-47.94759036,1034,267,0.51702659,9.408433735,830,1
6.077,15,-47.88935913,1060,269,0.51638756,9.402660218,827,3
6.077,13,-47.86787879,963,252,0.51652631,9.421818182,825,2
6.077,20,-48.04207317,1025.5,258,0.51688639,9.435365854,820,5
6.077,10,-47.93941248,942.5,246,0.51652546,9.418604651,817,3
6.077,10,-48.15870098,1164.5,285,0.51672,9.430147059,816,1
6.077,11,-47.81311275,1025.5,250,0.51674334,9.486519608,816,0
6.077,17,-47.98955774,965,254,0.51711796,9.49017199,814,2
6.077,19,-48.06034483,1129,276,0.51717854,9.517241379,812,2
6.077,14,-47.78924598,1074,277,0.5169993,9.524103832,809,3
6.077,21,-47.833125,1075,278,0.51626621,9.48,800,9
6.077,14,-47.82057716,1165,297,0.51574893,9.490589711,797,3
6.077,15,-47.63584906,1119.5,275,0.51670222,9.479245283,795,2
6.077,17,-47.81651955,1188,289,0.51655271,9.52332913,793,2
6.077,15,-47.59924147,1013,261,0.5162431,9.536030341,791,2
6.077,13,-47.91157761,1042,263,0.51475802,9.497455471,786,5
6.077,4,-47.88952746,1098,280,0.51567012,9.458492976,783,3
6.077,17,-47.72279129,1079,269,0.51549328,9.486555698,781,2
6.077,13,-47.75128866,983,245,0.51499996,9.443298969,776,5
6.077,16,-48.02322581,1104.5,271,0.51574591,9.473548387,775,1
6.077,14,-47.78007762,1081,281,0.51500842,9.507115136,773,2
6.077,18,-47.69624352,1004,248,0.51416222,9.571243523,772,1
6.077,19,-47.98114434,1006.5,254,0.51468779,9.628088427,769,3
6.077,8,-47.91383812,1078.5,274,0.51455551,9.587467363,766,3
6.077,10,-47.75,1151.5,307,0.51394866,9.622715405,766,0
6.077,15,-47.48363874,1048,257,0.51311537,9.658376963,764,2
6.077,13,-47.80855263,949.5,245,0.51237715,9.638157895,760,4
6.077,13,-47.92668428,1154.5,289,0.5112908,9.652575958,757,3
6.077,10,-47.48872679,1077,277,0.51063861,9.659151194,754,3
6.077,17,-47.69946809,1159,292,0.51165346,9.719414894,752,2
6.077,15,-47.51206434,1131,285,0.50975743,9.697050938,746,6
6.077,10,-47.59121622,1218,283,0.50882055,9.641891892,740,6
6.077,17,-47.45516304,1018.5,253,0.50794069,9.679347826,736,4
6.077,20,-47.77235213,944.5,249,0.50730435,9.657496561,727,9
6.077,9,-47.87119114,1033.5,252,0.50686157,9.602493075,722,5
6.077,10,-47.76008345,968.5,242,0.50659664,9.596662031,719,3
6.077,15,-47.82705718,1081,274,0.50680343,9.616457462,717,2
6.077,12,-47.6162465,1196.5,300,0.50817717,9.633053221,714,3
6.077,8,-47.37763713,1161.5,281,0.50815104,9.635724332,711,3
6.077,12,-47.43149718,1188,303,0.5090519,9.646892655,708,3
6.077,10,-47.296875,1098.5,269,0.50912015,9.615056818,704,4
6.077,20,-47.49928673,856,218,0.50811721,9.663338088,701,3
6.077,15,-48.00719424,942,242,0.50776458,9.635971223,695,6
6.077,6,-47.85693642,958,235,0.50833101,9.61849711,692,3
6.077,11,-47.82318841,1016,263,0.50814209,9.617391304,690,2
6.077,19,-47.56748911,1083.5,268,0.50800006,9.703918723,689,1
6.077,17,-47.55263158,1140.5,287,0.50600154,9.688596491,684,5
6.077,12,-47.34020619,1168.5,280,0.50559497,9.630338733,679,5
6.077,15,-47.3535503,1102,276,0.50391799,9.653846154,676,3
6.077,8,-47.41356185,1094,269,0.50447452,9.612518629,671,5
6.077,18,-47.3916293,1080.5,271,0.504042,9.659192825,669,2
6.077,14,-47.35090361,1067.5,273,0.50307077,9.664156627,664,5
6.077,14,-47.35369532,1011,263,0.50266436,9.714932127,663,1
6.077,16,-47.52193646,1039,256,0.50240283,9.723146747,661,2
6.077,12,-47.53576865,1041.5,266,0.5014163,9.677321157,657,4
6.077,6,-47.41539634,1040,260,0.50269761,9.717987805,656,1
6.077,8,-47.53287462,1093,274,0.50203243,9.74617737,654,2
6.077,9,-47.29646697,985,248,0.50072823,9.743471582,651,3
6.077,15,-47.61787365,1231.5,308,0.49953154,9.81972265,649,2
6.077,12,-47.0007728,1144,282,0.50016084,9.86862442,647,2
6.077,22,-47.13530327,977,252,0.49953194,9.923794712,643,4
6.077,14,-47.64465409,1045.5,256,0.49860564,9.863207547,636,7
6.077,11,-47.38686709,1029,258,0.4986064,9.844936709,632,4
6.077,13,-47.35214626,1105,275,0.49803837,9.853736089,629,3
6.077,20,-47.12121212,976,259,0.49716254,9.901116427,627,2
6.077,14,-47.45272436,1158,290,0.49668446,9.905448718,624,3
6.077,15,-47.0668277,1156,290,0.49673094,9.948470209,621,3
6.077,14,-46.93719413,1154,290,0.49507595,9.843393148,613,8
6.077,10,-46.91816694,1043.5,252,0.49551498,9.803600655,611,2
6.077,9,-47.29720854,1069,266,0.495852,9.801313629,609,2
6.077,12,-47.21369637,1053.5,268,0.49483141,9.792079208,606,3
6.077,22,-47.25289256,1068,264,0.49407157,9.890909091,605,1
6.077,17,-47.15609349,1024.5,263,0.49513307,9.864774624,599,6
6.077,21,-47.20622896,1005.5,254,0.49427772,9.907407407,594,5
6.077,18,-47.32881356,1040,252,0.49383966,9.938983051,590,4
6.077,12,-47.25853242,1014.5,252,0.49496487,9.906143345,586,4
6.077,18,-47.20876289,1051,263,0.49470842,9.943298969,582,4
6.077,11,-47.09568966,1038.5,262,0.4946154,9.922413793,580,2
6.077,12,-47.11933798,1107,276,0.49294506,9.8728223,574,6
6.077,11,-46.91652021,1087,270,0.49145135,9.820738137,569,5
6.077,17,-46.91061947,968.5,254,0.49073927,9.861946903,565,4
6.077,14,-47.18482143,1135.5,283,0.49164135,9.832142857,560,5
6.077,11,-46.78417266,1066,266,0.49149549,9.830935252,556,4
6.077,13,-46.91787004,1171,304,0.49203564,9.864620939,554,2
6.077,19,-46.57727273,1223.5,297,0.49138075,9.909090909,550,5
6.077,14,-46.57628676,1252,309,0.49127274,9.884191176,544,6
6.077,17,-46.2962963,1188,299,0.49023951,9.909259259,540,4
6.077,15,-46.37802607,1073,267,0.48948946,9.901303538,537,3
6.077,12,-46.85459662,1081.5,270,0.48886226,9.876172608,533,4
6.077,14,-46.79433962,979,242,0.48803562,9.88490566,530,3
6.077,15,-47.01149425,929.5,237,0.48568666,9.75862069,522,8
6.077,12,-47.09961315,1114.5,284,0.48537528,9.750483559,517,5
6.077,7,-46.53294574,1160.5,286,0.48486043,9.753875969,516,1
6.077,12,-46.50584795,1083.5,267,0.48438118,9.787524366,513,3
6.077,11,-46.70254403,1116.5,273,0.48449921,9.808219178,511,2
6.077,11,-46.4418146,1063.5,272,0.48363991,9.794871795,507,4
6.077,13,-46.66501976,1127.5,288,0.48272746,9.826086957,506,1
6.077,11,-46.40693069,1063.5,261,0.48315791,9.861386139,505,1
6.077,11,-46.69721116,1090,269,0.48264228,9.878486056,502,3
6.077,12,-46.65430862,1010.5,249,0.481783,9.865731463,499,3
6.077,13,-46.81589537,1035,261,0.48209516,9.889336016,497,2
6.077,13,-46.69878296,1157,293,0.48183293,9.862068966,493,4
6.077,14,-46.1605317,1040.5,272,0.4800139,9.873210634,489,4
6.077,12,-46.53608247,1166,284,0.48106449,9.859793814,485,4
6.077,15,-46.21991701,1052.5,259,0.48272621,9.906639004,482,3
6.077,14,-46.54916318,1027.5,255,0.48112545,9.849372385,478,4
6.077,11,-46.51054852,1108,280,0.4815099,9.900843882,474,4
6.077,11,-46.18565401,962,244,0.4817757,9.930379747,474,0
6.077,12,-46.63241525,998,262,0.4811336,9.961864407,472,2
6.077,15,-46.41382979,942,228,0.47927849,9.995744681,470,2
6.077,9,-46.87875536,972,251,0.47921905,9.967811159,466,4
6.077,10,-46.58333333,1078.5,274,0.4778794,9.943722944,462,4
6.077,17,-46.23420479,1096,272,0.47489821,9.94335512,459,3
6.077,15,-46.11978022,1161.5,284,0.47388166,9.96043956,455,4
6.077,9,-45.93652561,1050,259,0.47333177,9.826280624,449,6
6.077,8,-46.34187082,1057.5,271,0.47374715,9.864142539,449,0
6.077,18,-46.10402685,1087,273,0.47432179,9.939597315,447,2
6.077,18,-46.09297052,999,246,0.47035737,9.922902494,441,6
6.077,9,-46.48275862,1063,269,0.47091578,9.845977011,435,6
6.077,11,-46.09375,1082,272,0.47174591,9.819444444,432,3
6.077,8,-45.97086247,1062,272,0.4712264,9.75990676,429,3
6.077,19,-46.02470588,1173.5,284,0.47051737,9.769411765,425,4
6.077,10,-45.73104265,1183,294,0.46893319,9.713270142,422,4
6.077,11,-45.42142857,1199,293,0.46763894,9.726190476,420,2
6.077,13,-45.48918269,1043.5,264,0.46610912,9.757211538,416,4
6.077,8,-45.97560976,1143.5,286,0.46528139,9.673170732,410,6
6.077,15,-45.57142857,1103.5,277,0.46379363,9.628078818,406,4
6.077,10,-45.6775,1136.5,281,0.46507398,9.495,400,6
6.077,11,-45.4395466,1044,264,0.46377819,9.468513854,397,3
6.077,19,-45.77088608,1062.5,268,0.46371946,9.597468354,395,2
6.077,13,-45.68239796,1174.5,294,0.4629138,9.607142857,392,3
6.077,14,-45.24481865,1205,297,0.45944266,9.554404145,386,6
6.077,18,-44.94516971,1063,269,0.46002402,9.597911227,383,3
6.077,10,-45.52110818,988.5,243,0.45817137,9.501319261,379,4
6.077,9,-45.91292876,1070,271,0.45561729,9.55408971,379,0
6.077,11,-45.42592593,1078,273,0.45353456,9.64021164,378,1
6.077,9,-45.49865591,1092.5,259,0.44838075,9.551075269,372,6
6.077,15,-45.29700272,948.5,256,0.44890969,9.479564033,367,5
6.077,11,-45.72451791,1140.5,279,0.44438507,9.432506887,363,4
6.077,6,-45.00972222,1147,284,0.44411798,9.325,360,3
6.077,12,-44.91899441,1098,271,0.44522583,9.365921788,358,2
6.077,13,-45.27259887,1138.5,279,0.44134652,9.305084746,354,4
6.077,8,-45.05698006,1109.5,278,0.44364723,9.253561254,351,3
6.077,11,-44.96974063,1005.5,255,0.44317191,9.187319885,347,4
6.077,8,-45.35652174,1068.5,260,0.44211761,9.171014493,345,2
6.077,7,-45.05994152,1036,265,0.44024716,9.055555556,342,3
6.077,9,-45.30263158,1037.5,263,0.44124295,9.081871345,342,0
6.077,8,-45.23451327,1101.5,267,0.43976206,9.041297935,339,3
6.077,5,-44.95400593,986,257,0.43864617,8.991097923,337,2
6.077,13,-45.27596439,1138.5,285,0.43771884,9.03264095,337,0
6.077,13,-44.59850746,1033.5,250,0.43556731,9.026865672,335,2
6.077,8,-45.14071856,940,232,0.43517454,9.080838323,334,1
6.077,15,-45.51047904,950.5,242,0.43477833,9.230538922,334,0
6.077,5,-45.47272727,1069,265,0.43002293,9.106060606,330,4
6.077,7,-44.86474164,1141,276,0.43283334,9.14893617,329,1
6.077,13,-44.64831804,1171.5,283,0.43184273,9.177370031,327,2
6.077,15,-44.37846154,1036,253,0.43408369,9.150769231,325,2
6.077,13,-44.97213622,1013.5,254,0.43507657,9.20123839,323,2
6.077,10,-44.92789969,1053.5,261,0.43745256,9.12539185,319,4
6.077,8,-44.81446541,1004,254,0.43595637,9.157232704,318,1
6.077,12,-44.87658228,1032.5,256,0.43442198,9.174050633,316,2
6.077,10,-44.89649682,1031,250,0.43191595,9.175159236,314,2
6.077,21,-44.94070513,1104.5,272,0.43270131,9.237179487,312,2
6.077,7,-44.44967532,1084.5,269,0.43380031,9.149350649,308,4
6.077,12,-44.43322476,1158.5,290,0.43359192,9.263843648,307,1
6.077,11,-43.83717105,1090,266,0.43464518,9.240131579,304,3
6.077,11,-44.20833333,1224.5,303,0.43547883,9.19,300,4
6.077,15,-43.59364548,1117.5,267,0.43418203,9.257525084,299,1
6.077,22,-44.13636364,1024.5,269,0.43379744,9.373737374,297,2
6.077,10,-44.30612245,1132.5,281,0.43244456,9.394557823,294,3
6.077,9,-43.95689655,1106,276,0.42912571,9.334482759,290,4
6.077,8,-43.95438596,1139.5,278,0.42744877,9.2,285,5
6.077,17,-43.85739437,1085.5,270,0.42462072,9.295774648,284,1
6.077,14,-44.06007067,1147,277,0.42247762,9.455830389,283,1
6.077,8,-43.60791367,1091.5,276,0.42186036,9.381294964,278,5
6.077,7,-43.81272727,1163,281,0.4237041,9.338181818,275,3
6.077,12,-43.38051471,1205,294,0.42184297,9.301470588,272,3
6.077,9,-43.25185185,1158.5,277,0.42298302,9.262962963,270,2
6.077,11,-43.44237918,1159.5,292,0.41983264,9.31598513,269,1
6.077,11,-43.22097378,1175,288,0.42002961,9.325842697,267,2
6.077,15,-43.26235741,1156,277,0.42203956,9.231939163,263,4
6.077,14,-43.15769231,1121.5,270,0.42449473,9.311538462,260,3
6.077,15,-43.32101167,1108,275,0.4234879,9.338521401,257,3
6.077,7,-43.28627451,1289.5,316,0.4254245,9.231372549,255,2
6.077,9,-42.36811024,1215,282,0.43061986,9.295275591,254,1
6.077,9,-42.66932271,1110.5,269,0.42259781,9.203187251,251,3
6.077,19,-43.262,1283,307,0.42313357,9.424,250,1
6.077,9,-41.88319672,1138.5,281,0.42221368,9.225409836,244,6
6.077,14,-42.7231405,1087.5,269,0.42301269,9.285123967,242,2
6.077,8,-43.11087866,1148,284,0.42361296,9.230125523,239,3
6.077,12,-42.57594937,1165.5,288,0.42590969,9.299578059,237,2
6.077,15,-42.46351931,1238.5,305,0.42026116,9.223175966,233,4
6.077,12,-41.85497835,1171.5,282,0.42036994,9.203463203,231,2
6.077,8,-41.94759825,1172.5,286,0.41704726,9.213973799,229,2
6.077,13,-42.18061674,1223.5,294,0.4144357,9.242290749,227,2
6.077,7,-41.69144144,1166,283,0.41610165,9.103603604,222,5
6.077,9,-42.07239819,1205.5,294,0.41371683,9.14479638,221,1
6.077,12,-41.62217195,1234,295,0.41494897,9.357466063,221,0
6.077,13,-41.54794521,1191.5,286,0.41499315,9.415525114,219,2
6.077,14,-41.68604651,1151.5,272,0.41382236,9.372093023,215,4
6.077,12,-41.64454976,1169,287,0.41248745,9.355450237,211,4
6.077,9,-41.66028708,1252,294,0.4148566,9.377990431,209,2
6.077,15,-41.1763285,1101,260,0.41247827,9.405797101,207,2
6.077,11,-42.14851485,1224,294,0.41220896,9.297029703,202,5
6.077,8,-40.93181818,1291,292,0.41058158,9.212121212,198,4
6.077,8,-40.42307692,1300,306,0.4102963,9.143589744,195,3
6.077,8,-40.05154639,1369.5,323,0.41004499,9.206185567,194,1
6.077,6,-39.45595855,1287,302,0.40730918,9.129533679,193,1
6.077,12,-40.08421053,1307,309,0.40728697,9.142105263,190,3
6.077,13,-39.5972973,1299,308,0.40459582,9.064864865,185,5
6.077,6,-39.78176796,1489,332,0.40944234,8.922651934,181,4
6.077,7,-38.46111111,1385.5,304,0.4141973,9.022222222,180,1
6.077,14,-39.10893855,1218.5,289,0.41372081,9.17877095,179,1
6.077,12,-40.22443182,1217.5,274,0.41103262,9.039772727,176,3
6.077,9,-40.01445087,1197,278,0.416786,9.046242775,173,3
6.077,12,-39.89244186,1241,299,0.41804468,9.052325581,172,1
6.077,13,-39.38392857,1316,296,0.41549974,8.869047619,168,4
6.077,14,-38.22121212,1276,301,0.41052127,8.939393939,165,3
6.077,15,-38.56441718,1292.5,287,0.40959807,9.079754601,163,2
6.077,13,-38.984375,1356.5,311,0.40476475,9.175,160,3
6.077,9,-37.90189873,1400,323,0.40493554,9.113924051,158,2
6.077,10,-37.06774194,1225.5,287,0.40275406,9.019354839,155,3
6.077,11,-38.70394737,1375.5,313,0.40040202,8.822368421,152,3
6.077,11,-37.44370861,1366,304,0.39738297,8.754966887,151,1
6.077,6,-37.13945578,1412,322,0.38432305,8.530612245,147,4
6.077,16,-37.47959184,1709.5,368,0.38648744,8.897959184,147,0
6.077,9,-34.18439716,1707,344,0.38519059,8.524822695,141,6
6.077,13,-33.83333333,1488.5,323,0.38213581,8.80141844,141,0
6.077,11,-35.15942029,1395,319,0.37540578,8.688405797,138,3
6.077,8,-36.83333333,1748.5,369,0.37046118,8.614814815,135,3
6.077,8,-33.6119403,1872.5,382,0.37224467,8.776119403,134,1
6.077,11,-31.70676692,1687,353,0.37131735,8.872180451,133,1
6.077,13,-33.57251908,1564.5,328,0.36649335,8.847328244,131,2
6.077,12,-34.44230769,1571,335,0.36748533,8.915384615,130,1
6.077,11,-33.70866142,1545,332,0.36929016,8.811023622,127,3
6.077,11,-33.98015873,1553,321,0.37170972,8.904761905,126,1
6.077,14,-34.82,1697,349,0.37114594,8.984,125,1
6.077,11,-33.23140496,1674,322,0.37193237,8.818181818,121,4
6.077,11,-33.27118644,1721.5,348,0.37560048,8.847457627,118,3
6.077,11,-30.73913043,1641.5,352,0.368998,8.808695652,115,3
6.077,13,-31.21052632,1673.5,359,0.36541223,8.921052632,114,1
6.077,10,-32.08636364,1823,352,0.35957984,8.472727273,110,4
6.077,7,-30.85909091,1826.5,357,0.36211308,8.590909091,110,0
6.077,14,-31.42592593,2131.5,393,0.35846616,8.685185185,108,2
6.077,11,-27.54716981,2072,366,0.35003589,8.537735849,106,2
6.077,10,-27.51980198,2060.5,400,0.33766673,8.079207921,101,5
6.077,13,-26.57291667,2089.5,383,0.33076986,7.458333333,96,5
6.077,15,-27.60526316,2428.5,420,0.33714709,7.642105263,95,2
6.077,11,-24.40217391,2510,417,0.34079975,7.456521739,92,3
6.077,13,-24.47777778,2792.5,461,0.33206713,7.422222222,90,2
6.077,12,-22.53409091,3156.5,490,0.34365756,7.454545455,88,2
6.077,14,-21.60119048,3640,517,0.32593544,7.130952381,84,4
6.077,12,-14.87195122,3850.5,576,0.31181319,6.987804878,82,2
6.077,18,-13.57692308,4294,594,0.30341118,6.435897436,78,4
6.077,19,-15.46710526,5084,644,0.31584136,6.460526316,76,2
6.077,18,-10.50694444,5977,719,0.29514957,6.097222222,72,4
6.077,23,-11.16666667,7079.5,765,0.28490029,5.884057971,69,3
6.077,18,-7.090909091,8444,864,0.27932843,5.439393939,66,3
6.077,16,-4.53968254,10154,1000,0.28017717,5,63,3
6.077,21,-4.74137931,12314,1134,0.2416091,3.965517241,58,5
6.077,19,-1.767857143,14935.5,1275,0.23081196,3.5,56,2
6.077,14,10.13888889,17097,1376,0.22542408,2.944444444,54,2
6.077,23,7.566037736,19442.5,1475,0.22862507,2.622641509,53,1
6.077,13,11.63461538,21553,1559,0.18062292,2.019230769,52,1
6.077,16,12.93137255,23425.5,1632,0.18158089,1.549019608,51,1
6.077,11,17.92156863,24970,1718,0.17973483,1.352941176,51,0
6.077,13,16.92156863,26604,1790,0.1794377,1.352941176,51,0
6.077,13,18.79411765,28066,1856,0.17336277,1.117647059,51,0
6.077,16,15.78431373,29553.5,1902,0.16551664,0.960784314,51,0
6.077,8,23.42156863,30391,1918,0.17032793,0.941176471,51,0
6.077,15,22.31372549,31039.5,1952,0.17106387,1.019607843,51,0
6.077,9,21.02941176,31769,1994,0.17086936,1.019607843,51,0
6.077,8,26.20588235,32202.5,2003,0.16060135,1.019607843,51,0
6.077,17,23.04901961,32732.5,2024,0.16176315,0.882352941,51,0
6.077,7,24.31372549,33131,2036,0.15887767,0.823529412,51,0
6.077,12,25.16666667,33392.5,2035,0.15959132,0.784313725,51,0
6.077,13,28.33333333,33359.5,2022,0.15928713,0.745098039,51,0
6.077,14,25.99019608,33366,2017,0.15303106,0.823529412,51,0
6.077,12,27.06862745,33215.5,2010,0.16731378,0.823529412,51,0
6.077,10,26.79411765,33221.5,2025,0.16664095,0.784313725,51,0
6.077,11,26.86,33303.5,2027,0.14577632,0.32,50,1
6.077,4,25.79,33431.5,2026,0.14345215,0.32,50,0
6.077,11,25.86,33518,2016,0.1377093,0.32,50,0
6.077,7,26.87,33509,2024,0.1377093,0.32,50,0
6.077,13,23.46,33626.5,2038,0.14942905,0.32,50,0
6.077,10,25.17,33646,2036,0.14739217,0.16,50,0
6.077,11,23.67,33800.5,2047,0.13000114,0,50,0
6.077,9,25.46,33793.5,2033,0.12596081,0,50,0
6.077,13,20.84,33983,2042,0.13021197,0,50,0
6.077,5,28.24,33829.5,2046,0.1210625,0,50,0
6.077,10,26.92,33798.5,2053,0.12006222,0,50,0
6.077,9,29.33,33763,2053,0.12349473,0,50,0
6.077,18,24.6,33871.5,2041,0.12349473,0,50,0
6.077,9,28.41,33761.5,2047,0.10735008,0,50,0
6.077,10,26.5,33774.5,2046,0.11446268,0,50,0
6.077,9,29.64,33681,2043,0.11518719,0,50,0
6.077,11,26.64,33774,2041,0.11167554,0,50,0
6.077,9,27.89,33729,2042,0.11243931,0,50,0
6.077,5,26.83,33845,2061,0.12481542,0,50,0
6.077,15,25.64,34045.5,2061,0.12460459,0,50,0
6.077,7,31.43,33855,2035,0.13079427,0,50,0
6.077,14,26.14,33798,2015,0.12581519,0,50,0
6.077,7,27.35,33644,2039,0.11821583,0,50,0
6.077,8,25.94,33655.5,2047,0.11254455,0,50,0
6.077,13,23,33883.5,2059,0.11628014,0,50,0
6.077,13,25.11,34057,2069,0.12239245,0,50,0
6.077,15,25.73,34207.5,2063,0.12211668,0,50,0
6.077,15,20.55,34441,2063,0.11748494,0,50,0
6.077,15,22.2,34456,2055,0.11109686,0,50,0
6.077,12,23.69,34323,2020,0.11786553,0,50,0
6.077,11,24.81,33988,2020,0.10904846,0,50,0
6.077,6,29.6,33582,2027,0.10680969,0,50,0
6.077,9,25.93,33414.5,2024,0.11461988,0,50,0
6.077,15,24.94,33425.5,2027,0.11302396,0,50,0
6.077,15,21.71,33600,2033,0.10728111,0,50,0
6.077,11,21.63,33784.5,2037,0.10728111,0,50,0
6.077,7,24.81,33785,2037,0.11906471,0,50,0
6.077,6,31.03,33382,1999,0.12517702,0,50,0
6.077,13,27.09,33296.5,2010,0.12623075,0,50,0
6.077,12,29.84,33097,2017,0.11227224,0,50,0
6.077,11,27.97,33021.5,2000,0.11517491,0,50,0
6.077,12,24.55,33083,2003,0.10600206,0,50,0
6.077,9,28.96,32968.5,2017,0.10333331,0,50,0
6.077,7,28.31,32973.5,2010,0.10333331,0,50,0
6.077,11,24.5,33194.5,2027,0.1111435,0,50,0
6.077,12,24.54,33432.5,2038,0.11280343,0,50,0
6.077,6,28.16,33468.5,2052,0.10010369,0,50,0
6.077,11,24.49,33675.5,2043,0.09205568,0,50,0
6.077,9,25.43,33826.5,2042,0.09595863,0,50,0
6.077,12,25.58,33847,2024,0.09132689,0,50,0
6.077,8,26.7,33599,2001,0.08086826,0,50,0
6.077,11,28.81,33365,2015,0.08384007,0,50,0
6.077,12,25.05,33287.5,2012,0.07466721,0,50,0
6.077,7,27.39,33220,2026,0.06982884,0,50,0
6.077,11,25.08,33389,2045,0.06907817,0,50,0
6.077,12,27.6,33551,2059,0.07546625,0,50,0
6.077,7,24.52,33919.5,2065,0.06765607,0,50,0
6.077,5,29.04,33909,2050,0.07867589,0,50,0
6.077,10,25.05,33966,2036,0.08327312,0,50,0
6.077,10,28.71,33777.5,2029,0.08327312,0,50,0
6.077,12,27.92,33476,1994,0.08794413,0,50,0
6.077,13,26.14,33222,1985,0.08696953,0,50,0
6.077,8,30.25,32895,1990,0.08213115,0,50,0
6.077,10,30.21,32633.5,1995,0.07111133,0,50,0
6.077,15,24.23,32787.5,2004,0.06813952,0,50,0
6.077,6,29.66,32782,2008,0.06175144,0,50,0
6.077,11,26.08,32919,2015,0.06979945,0,50,0
6.077,9,27,32964,2003,0.07300909,0,50,0
6.077,12,26.25,33218.5,2039,0.06658649,0,50,0
6.077,6,29.04,33216.5,2010,0.06658649,0,50,0
6.077,9,28.4,33220,2020,0.07032208,0,50,0
6.077,10,24.15,33479.5,2033,0.0813419,0,50,0
6.077,8,25.78,33605,2043,0.08772998,0,50,0
6.077,11,26.18,33768.5,2061,0.09577799,0,50,0
6.077,10,25.38,33922.5,2051,0.08938991,0,50,0
6.077,4,26.33,33940.5,2034,0.08911415,0,50,0
6.077,13,23.61,33994,2033,0.0844824,0,50,0
6.077,12,22.84,33962.5,2034,0.084863,0,50,0
6.077,7,29.78,33728,2060,0.08482848,0,50,0
6.077,12,24.47,33741,2046,0.08573775,0,50,0
6.077,9,25.41,33846.5,2059,0.07492875,0,50,0
6.077,12,24.86,34006.5,2042,0.07492875,0,50,0
6.077,14,25.65,33993.5,2048,0.07685724,0,50,0
6.077,10,27.71,33810,2031,0.07689176,0,50,0
6.077,14,26.14,33718,2034,0.08400435,0,50,0
6.077,5,24.65,33748.5,2042,0.08403886,0,50,0
6.077,8,27.81,33680,2050,0.08331435,0,50,0
6.077,11,25.35,33776.5,2051,0.07620176,0,50,0
6.077,11,27.89,33865.5,2046,0.08258984,0,50,0
6.077,6,31.62,33702.5,2039,0.08628624,0,50,0
6.077,7,27.51,33745.5,2047,0.0816545,0,50,0
6.077,17,22.47,34055,2068,0.08135143,0,50,0
6.077,8,28.29,34000.5,2052,0.07859044,0,50,0
6.077,15,25.01,34150,2060,0.07468321,0,50,0
6.077,9,24.45,34201,2061,0.07468321,0,50,0
6.077,10,27.34,34021,2042,0.07468321,0,50,0
6.077,10,27.72,33820,2033,0.07077597,0,50,0
6.077,8,28.8,33672,2036,0.07077597,0,50,0
6.077,9,29.26,33543,2029,0.07077597,0,50,0
6.077,7,29.21,33504.5,2029,0.07540772,0,50,0
6.077,11,23.81,33688.5,2033,0.06829513,0,50,0
6.077,5,29.55,33431.5,2016,0.0572753,0,50,0
6.077,10,26.57,33356,2008,0.05748613,0,50,0
6.077,10,28.19,33218.5,2019,0.05748613,0,50,0
6.077,9,27.67,33211.5,2023,0.05037354,0,50,0
6.077,9,24.34,33491.5,2046,0.05037354,0,50,0
6.077,12,24.28,33767.5,2056,0.05113731,0,50,0
6.077,9,24.67,33990,2053,0.05380606,0,50,0
6.077,9,26.64,33983,2041,0.04989882,0,50,0
6.077,13,23.35,34020.5,2035,0.04668919,0,50,0
6.077,5,31.33,33636,2025,0.04865219,0,50,0
6.077,17,24.56,33636.5,2037,0.05646237,0,50,0
6.077,8,27.11,33469,2018,0.05964082,0,50,0
6.077,10,26.98,33376.5,2013,0.05500907,0,50,0
6.077,12,24.42,33412,2018,0.06015051,0,50,0
6.077,9,28.06,33303,2023,0.06453692,0,50,0
6.077,10,29.15,33257.5,2027,0.06522691,0,50,0
6.077,9,28.75,33268,2022,0.06059517,0,50,0
6.077,10,25.56,33501,2054,0.04957534,0,50,0
6.077,10,24.61,33813,2070,0.05123527,0,50,0
6.077,10,26.83,33980,2064,0.05444823,0,50,0
6.077,13,24.34,34174.5,2051,0.0434284,0,50,0
6.077,9,29.68,34001,2045,0.03879666,0,50,0
6.077,7,27.8,33871.5,2036,0.03879666,0,50,0
6.077,8,24.74,33912.5,2051,0.03098647,0,50,0
6.077,9,28.07,33860.5,2051,0.03561822,0,50,0
6.077,12,24.64,33957.5,2050,0.0434284,0,50,0
6.077,12,26.84,33949.5,2046,0.04270389,0,50,0
6.077,13,25.13,33980,2051,0.03810666,0,50,0
6.077,12,25.29,33989.5,2051,0.0413163,0,50,0
6.077,13,25.86,33971,2045,0.04842889,0,50,0
6.077,7,28.66,33851,2042,0.04452594,0,50,0
6.077,8,29.1,33721,2052,0.04915768,0,50,0
6.077,13,25.8,33793.5,2048,0.05237064,0,50,0
6.077,10,24.63,33857,2037,0.06018083,0,50,0
6.077,9,26.59,33727,2010,0.06141932,0,50,0
6.077,13,24.07,33540.5,2012,0.06141932,0,50,0
6.077,11,24.29,33524.5,2032,0.05975938,0,50,0
6.077,8,24.83,33604,2050,0.0641803,0,50,0
6.077,13,23.7,33788,2052,0.07520013,0,50,0
6.077,11,24.53,34067.5,2061,0.07523464,0,50,0
6.077,12,24.08,34176.5,2041,0.07595915,0,50,0
6.077,9,27.22,34032.5,2038,0.0791376,0,50,0
6.077,14,24.23,34026,2050,0.08234723,0,50,0
6.077,5,31.85,33693,2040,0.07132741,0,50,0
6.077,12,25.92,33732.5,2041,0.07616578,0,50,0
6.077,9,26.45,33764,2043,0.07616578,0,50,0
6.077,11,24.76,33881.5,2040,0.07295614,0,50,0
6.077,16,21.54,34208,2073,0.07613459,0,50,0
6.077,11,25.33,34306.5,2056,0.07295614,0,50,0
6.077,14,27.4,34162.5,2039,0.07295614,0,50,0
6.077,4,31.3,33779,2027,0.07295614,0,50,0
6.077,10,26.53,33547,2012,0.08130722,0,50,0
6.077,10,29.57,33306,2035,0.08130722,0,50,0
6.077,13,26.88,33261.5,2020,0.07809427,0,50,0
6.077,9,26.73,33301.5,2025,0.07028408,0,50,0
6.077,9,25.79,33479,2040,0.06568685,0,50,0
6.077,6,29.41,33361.5,2037,0.06496234,0,50,0
6.077,7,29.88,33380,2040,0.06033059,0,50,0
6.077,11,26.15,33633,2053,0.05960608,0,50,0
6.077,6,26.39,33743,2056,0.05960608,0,50,0
6.077,11,26.59,33803,2037,0.0706259,0,50,0
6.077,17,23.11,33812.5,2016,0.07383554,0,50,0
6.077,9,27.2,33595,2027,0.0814349,0,50,0
6.077,11,26.57,33454,2022,0.08903426,0,50,0
6.077,14,25.76,33333.5,2010,0.08903426,0,50,0
6.077,9,24.59,33404.5,2020,0.07801443,0,50,0
6.077,7,28.75,33270,2017,0.07159184,0,50,0
6.077,14,25.34,33278,2009,0.06696009,0,50,0
6.077,13,26.51,33204.5,1995,0.07013853,0,50,0
6.077,7,29.39,32996.5,1995,0.07013853,0,50,0
6.077,10,26.04,32949.5,2011,0.06944854,0,50,0
6.077,11,27.26,32904.5,1995,0.0655413,0,50,0
6.077,9,29.28,32724,1982,0.06875094,0,50,0
6.077,8,28.5,32713,1995,0.07656113,0,50,0
6.077,14,21.7,32971,1992,0.07192938,0,50,0
6.077,10,22.71,33055.5,2009,0.07123939,0,50,0
6.077,7,25.7,33206,2032,0.07051487,0,50,0
6.077,11,23.74,33346,2014,0.07051487,0,50,0
6.077,10,24.65,33372,2011,0.0815347,0,50,0
6.077,13,26.65,33353.5,2024,0.07051487,0,50,0
6.077,14,24.72,33401,2025,0.06340228,0,50,0
6.077,12,26.64,33477.5,2033,0.06340228,0,50,0
6.077,9,25.83,33590,2032,0.06267777,0,50,0
6.077,11,25.47,33611,2021,0.06267777,0,50,0
6.077,7,28.46,33437.5,2013,0.07048796,0,50,0
6.077,11,26.49,33322.5,2008,0.07418436,0,50,0
6.077,11,23.29,33425.5,2033,0.07487436,0,50,0
6.077,7,27.29,33482,2046,0.07487436,0,50,0
6.077,13,22.28,33830,2062,0.06848628,0,50,0
6.077,8,31.27,33717.5,2044,0.06206369,0,50,0
6.077,9,27.58,33799,2038,0.06206369,0,50,0
6.077,18,20.86,34106,2066,0.06206369,0,50,0
6.077,8,25.95,34054.5,2046,0.05816073,0,50,0
6.077,8,29.06,33707.5,2012,0.05104814,0,50,0
6.077,10,26.61,33572.5,2039,0.04323795,0,50,0
6.077,15,22.9,33787,2064,0.05425778,0,50,0
6.077,5,27.99,33752,2050,0.05425778,0,50,0
6.077,11,25.54,33865.5,2027,0.05816501,0,50,0
6.077,11,28.67,33705,2020,0.05819953,0,50,0
6.077,12,25.54,33615,2024,0.05429657,0,50,0
6.077,13,22.81,33699.5,2033,0.04648638,0,50,0
6.077,5,32.79,33388,2030,0.05111813,0,50,0
6.077,14,22.55,33646.5,2034,0.05571536,0,50,0
6.077,10,27.17,33691.5,2056,0.04790517,0,50,0
6.077,9,26.49,33817,2056,0.04790517,0,50,0
6.077,9,26.18,33804.5,2021,0.04859517,0,50,0
6.077,5,25.65,33781.5,2030,0.05640536,0,50,0
6.077,10,28.13,33669,2043,0.0595838,0,50,0
6.077,10,27.25,33592,2044,0.05885929,0,50,0
6.077,8,31.89,33434.5,2036,0.05495205,0,50,0
6.077,17,22.27,33805.5,2054,0.0581305,0,50,0
6.077,11,28.68,33764,2042,0.0581305,0,50,0
6.077,16,22.28,34005.5,2041,0.0581305,0,50,0
6.077,11,20.61,34200.5,2040,0.0581305,0,50,0
6.077,8,24.45,34123.5,2043,0.05882049,0,50,0
6.077,7,31.08,33790.5,2048,0.05584868,0,50,0
6.077,12,27.21,33793.5,2061,0.04482885,0,50,0
6.077,8,29.37,33823,2061,0.05263904,0,50,0
6.077,8,29.1,33797.5,2031,0.0494294,0,50,0
6.077,12,24.24,33944,2042,0.0494294,0,50,0
6.077,11,27.19,33844.5,2026,0.05333664,0,50,0
6.077,9,27.24,33692,2021,0.050127,0,50,0
6.077,8,29.03,33475,2020,0.05402995,0,50,0
6.077,17,23.51,33602,2038,0.05012272,0,50,0
6.077,7,27.95,33644,2052,0.05654532,0,50,0
6.077,13,25.62,33807,2046,0.05723531,0,50,0
6.077,6,31.11,33734.5,2045,0.0650455,0,50,0
6.077,14,23.82,33977.5,2059,0.0650455,0,50,0
6.077,11,24.43,34274.5,2097,0.05723531,0,50,0
6.077,10,26.4,34582.5,2107,0.06114255,0,50,0
6.077,7,28.03,34647,2079,0.06114255,0,50,0
6.077,11,26.22,34645,2061,0.0650455,0,50,0
6.077,13,24.22,34490.5,2046,0.0650455,0,50,0
6.077,8,26.36,34239,2059,0.06894845,0,50,0
6.077,10,29.22,33945.5,2054,0.06894845,0,50,0
6.077,8,26.77,33920,2039,0.06252586,0,50,0
6.077,11,24.61,33905.5,2025,0.05471567,0,50,0
6.077,9,24.13,33917.5,2036,0.05861863,0,50,0
6.077,9,24.9,33792.5,2025,0.06252586,0,50,0
6.077,10,25.48,33652.5,2021,0.05792863,0,50,0
6.077,12,26.44,33498,2024,0.06894845,0,50,0
6.077,14,22.85,33555,2034,0.06435122,0,50,0
6.077,9,27.35,33509.5,2015,0.06117278,0,50,0
6.077,12,26.88,33541,2035,0.05015296,0,50,0
6.077,14,23.58,33712.5,2038,0.05015296,0,50,0
6.077,10,29.95,33542.5,2028,0.05015296,0,50,0
6.077,12,22.75,33890,2072,0.05406019,0,50,0
6.077,8,25.53,34096.5,2074,0.05796314,0,50,0
6.077,8,26.05,34260.5,2062,0.05723863,0,50,0
6.077,9,25,34375,2059,0.04942844,0,50,0
6.077,10,27.37,34290,2071,0.04942844,0,50,0
6.077,11,25.31,34257.5,2051,0.05333568,0,50,0
6.077,9,25.88,34180,2047,0.04552549,0,50,0
6.077,10,30.66,33794,2017,0.04552549,0,50,0
6.077,16,26.97,33545.5,2021,0.0377153,0,50,0
6.077,12,27.48,33374.5,2014,0.03380807,0,50,0
6.077,12,27.84,33345.5,2051,0.03380807,0,50,0
6.077,14,22.7,33766,2061,0.02990511,0,50,0
6.077,9,26.41,33945,2066,0.02990511,0,50,0
6.077,10,28.48,34053.5,2062,0.02599788,0,50,0
6.077,9,25.52,34152,2049,0.03380807,0,50,0
6.077,9,25.29,34095.5,2039,0.02990083,0,50,0
6.077,9,26.07,34026.5,2058,0.0259936,0,50,0
6.077,5,31,33817,2065,0.02208637,0,50,0
6.077,13,24,34048,2067,0.02139637,0,50,0
6.077,9,27.31,34097,2056,0.02139637,0,50,0
6.077,9,28.14,33977,2035,0.02139637,0,50,0
6.077,17,26.06,33860,2028,0.01037654,0,50,0
6.077,12,23.67,33823.5,2039,0.00716359,0,50,0
6.077,7,27.41,33744.5,2054,0.00716359,0,50,0
6.077,7,31.08,33525,2028,0.01106654,0,50,0
6.077,6,28.4,33504,2037,0.01106654,0,50,0
6.077,15,22.45,33831.5,2034,0.01424498,0,50,0
6.077,8,27.03,33669.5,2025,0.00964775,0,50,0
6.077,7,28.28,33459.5,2013,0.00574052,0,50,0
6.077,9,26.63,33335,2007,0.01037226,0,50,0
6.077,15,26.04,33284.5,2027,0.01358522,0,50,0
6.077,10,29.03,33172,2016,0.00895347,0,50,0
6.077,10,26.66,33263.5,2021,0.00114329,0,50,0
6.077,13,24.06,33502.5,2027,-0.0066669,0,50,0
6.077,4,26.53,33411.5,2001,-0.0144771,0,50,0
6.077,9,27.15,33356.5,2028,-0.0144771,0,50,0
6.077,11,24.21,33493.5,2041,-0.0151671,0,50,0
6.077,7,23.59,33753,2070,-0.0073569,0,50,0
6.077,7,25.73,33886.5,2054,0.00366293,0,50,0
6.077,8,29.44,33868,2050,0.00366293,0,50,0
6.077,8,26.94,33944,2055,-0.0073569,0,50,0
6.077,14,26.9,34000,2060,4.53E-04,0,50,0
6.077,10,25.96,34023.5,2030,4.53E-04,0,50,0
6.077,8,28.34,33742.5,2011,4.53E-04,0,50,0
6.077,13,23.3,33700,2019,0.00826348,0,50,0
6.077,13,25.91,33563.5,2024,0.00826348,0,50,0
6.077,12,24.13,33513.5,2017,0.00826348,0,50,0
6.077,9,29.9,33175.5,1997,0.00826348,0,50,0
6.077,11,26.57,33109.5,2002,0.00826348,0,50,0
6.077,14,26.15,33032.5,1989,4.53E-04,0,50,0
6.077,10,22.7,33211.5,2026,0.00826348,0,50,0
6.077,7,27.61,33272,2044,0.00826348,0,50,0
6.077,11,22.22,33633,2054,0.01286071,0,50,0
6.077,8,24.96,33891,2055,0.0206709,0,50,0
6.077,12,27.73,33943.5,2046,0.02848108,0,50,0
6.077,6,29.77,33800.5,2025,0.03238404,0,50,0
6.077,10,28.34,33582,2014,0.03556248,0,50,0
6.077,16,23.2,33530,2008,0.04337267,0,50,0
6.077,17,21.12,33616,2027,0.04727562,0,50,0
6.077,8,29.04,33353,2009,0.03946543,0,50,0
6.077,7,25.4,33445.5,2033,0.0348682,0,50,0
6.077,5,28.77,33350.5,2019,0.02705801,0,50,0
6.077,14,26.15,33553.5,2053,0.02705801,0,50,0
6.077,15,24.29,33848,2052,0.02705801,0,50,0
6.077,9,24.45,34001,2054,0.02705801,0,50,0
6.077,14,24.51,34090,2038,0.0348682,0,50,0
6.077,8,24.19,34004.5,2027,0.0348682,0,50,0
6.077,13,25.83,33757,2015,0.03096097,0,50,0
6.077,5,29.05,33344.5,2002,0.02705801,0,50,0
6.077,8,27.78,33159,2006,0.03027097,0,50,0
6.077,13,25.45,33089.5,2009,0.03417393,0,50,0
6.077,8,28.06,32915.5,1998,0.03027097,0,50,0
6.077,9,26.1,32929.5,1989,0.03027097,0,50,0
6.077,7,28.22,32916.5,2019,0.03027097,0,50,0
6.077,11,27.7,32940,2011,0.03027097,0,50,0
6.077,11,26.78,33071,2023,0.0412908,0,50,0
6.077,13,24.33,33378.5,2042,0.03348061,0,50,0
6.077,8,24.82,33614.5,2045,0.02957338,0,50,0
6.077,15,23.33,33946.5,2067,0.02957338,0,50,0
6.077,10,29.83,33912.5,2055,0.03738356,0,50,0
6.077,9,25.81,33962,2038,0.03417393,0,50,0
6.077,9,26.37,33899,2030,0.02636374,0,50,0
6.077,13,24.42,33880.5,2039,0.02636374,0,50,0
6.077,8,29.71,33570.5,2024,0.01855355,0,50,0
6.077,5,25.99,33513.5,2026,0.01855355,0,50,0
6.077,12,26.46,33451,2020,0.02636374,0,50,0
6.077,6,28.17,33330,2018,0.02636374,0,50,0
6.077,10,28.3,33136,2006,0.03417393,0,50,0
6.077,10,25.87,33082.5,2004,0.03417393,0,50,0
6.077,12,27.23,33054.5,2017,0.04128652,0,50,0
6.077,17,19.48,33476.5,2031,0.0490967,0,50,0
6.077,8,24.42,33511,2009,0.0490967,0,50,0
6.077,8,24.07,33541,2019,0.04128652,0,50,0
6.077,8,25.49,33570.5,2041,0.04128652,0,50,0
6.077,13,25.27,33641.5,2043,0.03738356,0,50,0
6.077,15,22.23,33923,2052,0.03347633,0,50,0
6.077,15,23.45,34107.5,2053,0.03347633,0,50,0
6.077,13,29.68,33889,2044,0.04128652,0,50,0
6.077,14,26.35,33857.5,2045,0.03347633,0,50,0
6.077,14,21.92,34034.5,2036,0.03347633,0,50,0
6.077,9,24.18,33959,2033,0.03347633,0,50,0
6.077,11,25.45,33865.5,2038,0.02566614,0,50,0
6.077,4,27.86,33682,2032,0.03347633,0,50,0
6.077,10,23.7,33789,2047,0.02566614,0,50,0
6.077,10,25.24,33806.5,2032,0.01785595,0,50,0
6.077,13,23.34,33873,2027,0.02566614,0,50,0
6.077,10,25.13,33702.5,2009,0.02957338,0,50,0
6.077,9,23.34,33665.5,2024,0.03738356,0,50,0
6.077,8,28.34,33434,2023,0.03347633,0,50,0
6.077,5,27.12,33324.5,2014,0.03347633,0,50,0
6.077,9,23.87,33364.5,2004,0.03347633,0,50,0
6.077,8,23.74,33427.5,2024,0.02566614,0,50,0
6.077,6,29.52,33262,2031,0.01464632,0,50,0
6.077,14,22.71,33512.5,2034,0.01464632,0,50,0
6.077,7,26.97,33573.5,2032,0.01073908,0,50,0
6.077,12,25.7,33635.5,2032,0.01464632,0,50,0
6.077,15,21.75,33788.5,2037,0.0224565,0,50,0
6.077,8,27.44,33728.5,2043,0.01464632,0,50,0
6.077,11,28.29,33638.5,2038,0.0224565,0,50,0
6.077,11,25.07,33726,2037,0.01854927,0,50,0
6.077,10,25.03,33847,2056,0.01073908,0,50,0
6.077,14,21.14,34160,2061,0.01464632,0,50,0
6.077,7,29.21,34033.5,2057,0.0224565,0,50,0
6.077,9,29.02,33988,2058,0.0224565,0,50,0
6.077,10,28.56,33975,2063,0.0224565,0,50,0
6.077,9,26.36,34108.5,2071,0.03026669,0,50,0
6.077,9,29.09,34009.5,2044,0.03807688,0,50,0
6.077,7,27.52,33867.5,2025,0.03807688,0,50,0
6.077,9,23.38,33863.5,2024,0.03807688,0,50,0
6.077,10,26.22,33636.5,2011,0.04588707,0,50,0
6.077,10,25.74,33487,2024,0.04588707,0,50,0
6.077,7,26.31,33271,1985,0.03807688,0,50,0
6.077,10,24.02,33250.5,2003,0.03807688,0,50,0
6.077,11,27.16,33084,2003,0.03026669,0,50,0
6.077,9,27.9,33022.5,2030,0.0224565,0,50,0
6.077,13,25.36,33270,2042,0.01464632,0,50,0
6.077,13,23.45,33559,2030,0.0224565,0,50,0
6.077,12,23.9,33691.5,2020,0.0224565,0,50,0
6.077,7,25.27,33708.5,2039,0.02636374,0,50,0
6.077,11,25.91,33671,2038,0.01855355,0,50,0
6.077,8,28.43,33523,2024,0.01464632,0,50,0
6.077,4,31.42,33330,2028,0.0224565,0,50,0
6.077,12,29.66,33289.5,2026,0.0224565,0,50,0
6.077,11,23.25,33643.5,2061,0.01855355,0,50,0
6.077,8,29.17,33703.5,2039,0.01855355,0,50,0
6.077,12,25.58,33803,2033,0.01855355,0,50,0
6.077,18,19.29,34158,2055,0.01464632,0,50,0
6.077,8,27.31,33965,2038,0.01464632,0,50,0
6.077,8,29.81,33750.5,2036,0.01464632,0,50,0
6.077,13,25.42,33769.5,2041,0.02566614,0,50,0
6.077,7,29.64,33634,2042,0.02566614,0,50,0
6.077,12,25.63,33711,2048,0.03347633,0,50,0
6.077,7,29.48,33650,2058,0.03347633,0,50,0
6.077,11,26.63,33870,2057,0.03347633,0,50,0
6.077,8,29.43,33979.5,2069,0.03737928,0,50,0
6.077,10,27.11,34173,2078,0.0295691,0,50,0
6.077,10,25.53,34365,2069,0.0295691,0,50,0
6.077,9,27.2,34393,2079,0.0295691,0,50,0
6.077,10,24.26,34577.5,2088,0.02175891,0,50,0
6.077,7,30.29,34462,2075,0.01785167,0,50,0
6.077,11,25.72,34439.5,2065,0.0288715,0,50,0
6.077,12,25.54,34447.5,2080,0.02106131,0,50,0
6.077,5,25.72,34323,2046,0.0288715,0,50,0
6.077,7,29.55,33991,2048,0.02106131,0,50,0
6.077,12,28.68,33821,2054,0.0288715,0,50,0
6.077,15,25.15,33904,2053,0.03668169,0,50,0
6.077,12,24.97,34036,2060,0.0288715,0,50,0
6.077,9,25.86,33996,2035,0.03668169,0,50,0
6.077,11,26.25,33793,2008,0.03668169,0,50,0
6.077,6,27.24,33569.5,2014,0.0288715,0,50,0
6.077,11,26.73,33323,2009,0.03989132,0,50,0
6.077,11,22.37,33497,2043,0.03208114,0,50,0
6.077,10,22.92,33759.5,2049,0.04310096,0,50,0
6.077,11,26.77,33800.5,2043,0.03529077,0,50,0
6.077,9,25.79,33865,2040,0.03208114,0,50,0
6.077,10,23.84,33934.5,2033,0.03208114,0,50,0
6.077,11,30.2,33686.5,2053,0.03208114,0,50,0
6.077,14,23.29,33834.5,2031,0.04310096,0,50,0
6.077,12,25.51,33697.5,2015,0.04310096,0,50,0
6.077,9,29.23,33393.5,2003,0.05412079,0,50,0
6.077,9,28.07,33144.5,2006,0.06193098,0,50,0
6.077,9,24.78,33186,2033,0.06974116,0,50,0
6.077,11,28.19,33329,2049,0.06974116,0,50,0
6.077,8,27.24,33586.5,2056,0.06193098,0,50,0
6.077,8,26.45,33937.5,2065,0.06974116,0,50,0
6.077,9,24.13,34213,2063,0.07755135,0,50,0
6.077,7,26.39,34186,2046,0.07755135,0,50,0
6.077,9,29.41,33868,2030,0.08536154,0,50,0
6.077,11,27.03,33774.5,2048,0.07434171,0,50,0
6.077,11,28.31,33778,2051,0.07434171,0,50,0
6.077,9,23.85,34026,2071,0.07434171,0,50,0
6.077,11,27.9,34092.5,2063,0.07434171,0,50,0
6.077,8,28.45,33982,2018,0.07434171,0,50,0
6.077,11,25.22,33896,2021,0.07434171,0,50,0
6.077,8,29.99,33478,2021,0.06653153,0,50,0
6.077,9,25.78,33444.5,2044,0.06653153,0,50,0
6.077,10,22.77,33706,2052,0.06653153,0,50,0
6.077,3,29.31,33604,2027,0.07434171,0,50,0
6.077,14,21.63,33924,2050,0.07755135,0,50,0
6.077,11,23.78,34086.5,2054,0.08076099,0,50,0
6.077,8,26.5,33989.5,2041,0.08076099,0,50,0
6.077,10,25.72,33882,2024,0.08397063,0,50,0
6.077,9,25.98,33761,2019,0.07616044,0,50,0
6.077,6,29.37,33294,2004,0.08397063,0,50,0
6.077,13,25.62,33200.5,2014,0.08397063,0,50,0
6.077,8,26.81,33190.5,2004,0.08397063,0,50,0
6.077,10,25.32,33147.5,1999,0.08397063,0,50,0
6.077,12,23.64,33306,2027,0.08076099,0,50,0
6.077,20,19.75,33622.5,2039,0.08397063,0,50,0
6.077,8,27.37,33443.5,2007,0.09178081,0,50,0
6.077,10,26.35,33404.5,2027,0.09178081,0,50,0
6.077,8,26.69,33313,2005,0.09178081,0,50,0
6.077,8,23.66,33360,2016,0.09178081,0,50,0
6.077,9,27.31,33220,2009,0.08397063,0,50,0
6.077,16,24.6,33294.5,2019,0.08397063,0,50,0
6.077,13,19.44,33527,2011,0.09499045,0,50,0
6.077,9,24.98,33454.5,2007,0.09499045,0,50,0
6.077,11,25.39,33405,2016,0.09499045,0,50,0
6.077,10,25.05,33409,2031,0.09499045,0,50,0
6.077,7,24.03,33500.5,2024,0.08397063,0,50,0
6.077,12,26.16,33506.5,2039,0.08397063,0,50,0
6.077,7,26.91,33559,2047,0.08076099,0,50,0
6.077,16,25.08,33869.5,2062,0.08076099,0,50,0
6.077,13,23.65,34216.5,2074,0.08076099,0,50,0
6.077,11,24.29,34369.5,2058,0.08076099,0,50,0
6.077,9,24.46,34408.5,2073,0.08076099,0,50,0
6.077,7,29.15,34186.5,2056,0.08076099,0,50,0
6.077,12,27.15,34192.5,2074,0.08076099,0,50,0
6.077,8,28.77,34131,2061,0.08076099,0,50,0
6.077,13,27.67,34032.5,2038,0.07685376,0,50,0
6.077,12,24.92,34134,2048,0.08466394,0,50,0
6.077,10,29.21,33942,2041,0.07364412,0,50,0
6.077,12,23.85,33991,2043,0.06653153,0,50,0
6.077,10,28.78,33926.5,2063,0.05872134,0,50,0
6.077,12,23.95,34125.5,2061,0.06262857,0,50,0
6.077,9,26.31,34132.5,2062,0.06262857,0,50,0
6.077,9,27.8,34028,2041,0.05481838,0,50,0
6.077,10,27.58,33852,2031,0.05481838,0,50,0
6.077,13,26.61,33703.5,2023,0.05481838,0,50,0
6.077,10,23.2,33725,2023,0.04379856,0,50,0
6.077,9,23.05,33748.5,2037,0.03598837,0,50,0
6.077,12,23.23,33890.5,2064,0.0398956,0,50,0
6.077,10,23.05,34055.5,2060,0.0398956,0,50,0
6.077,8,24.05,34033.5,2024,0.03598837,0,50,0
6.077,16,22.89,33984.5,2014,0.03989132,0,50,0
6.077,12,23.69,33745.5,2012,0.03989132,0,50,0
6.077,9,26.23,33444,2023,0.0288715,0,50,0
6.077,11,26.51,33320,2020,0.0288715,0,50,0
6.077,7,27.87,33261,2018,0.0288715,0,50,0
6.077,13,26.99,33351.5,2027,0.02106131,0,50,0
6.077,11,25.77,33432.5,2024,0.02106131,0,50,0
6.077,8,28.45,33352,2020,0.0288715,0,50,0
6.077,8,29.44,33222,2019,0.03668169,0,50,0
6.077,9,28.91,33201,2019,0.03668169,0,50,0
6.077,12,23.94,33497,2048,0.03668169,0,50,0
6.077,11,25.26,33667.5,2039,0.0288715,0,50,0
6.077,7,25.61,33814.5,2048,0.0288715,0,50,0
6.077,10,25.95,33987,2062,0.0288715,0,50,0
6.077,8,27.76,33880.5,2018,0.03668169,0,50,0
6.077,9,25.05,33828,2037,0.04449188,0,50,0
6.077,8,25.21,33756,2025,0.04839911,0,50,0
6.077,9,29.47,33503,2036,0.04839911,0,50,0
6.077,11,26.85,33539.5,2044,0.04058892,0,50,0
6.077,6,26.69,33563,2024,0.04058892,0,50,0
6.077,12,25.3,33626.5,2021,0.04839911,0,50,0
6.077,5,31.37,33314,2007,0.04839911,0,50,0
6.077,19,24.61,33370.5,2025,0.04058892,0,50,0
6.077,11,25.01,33501,2033,0.04058892,0,50,0
6.077,12,26.05,33572,2031,0.03277873,0,50,0
6.077,11,29.5,33553.5,2045,0.03277873,0,50,0
6.077,11,26.11,33573,2023,0.03277873,0,50,0
6.077,8,26.61,33563,2021,0.04058892,0,50,0
6.077,11,29.89,33284.5,1989,0.04839911,0,50,0
6.077,11,24.95,33283,2022,0.0562093,0,50,0
6.077,8,29.36,33241,2044,0.06401948,0,50,0
6.077,13,26.6,33378.5,2033,0.06011225,0,50,0
6.077,9,26.43,33506.5,2015,0.05620502,0,50,0
6.077,12,24.07,33582,2009,0.0640152,0,50,0
6.077,10,25.28,33486.5,2019,0.0640152,0,50,0
6.077,10,28.57,33360.5,2032,0.0640152,0,50,0
6.077,13,25.87,33361,2018,0.0640152,0,50,0
6.077,8,22.66,33540.5,2036,0.07182539,0,50,0
6.077,9,25.95,33514,2019,0.0640152,0,50,0
6.077,11,24.25,33579.5,2030,0.07503503,0,50,0
6.077,7,25.68,33558,2038,0.06722484,0,50,0
6.077,2,31.75,33291,2029,0.05941465,0,50,0
6.077,10,27.21,33302,2014,0.06331761,0,50,0
6.077,12,25.43,33298,2002,0.06010797,0,50,0
6.077,6,31.53,32977,1998,0.04908815,0,50,0
6.077,12,26.92,32871.5,1987,0.04127796,0,50,0
6.077,6,29.81,32614,1980,0.04127796,0,50,0
6.077,9,28.12,32566.5,1998,0.03346777,0,50,0
6.077,12,24.74,32787.5,2010,0.02565758,0,50,0
6.077,11,22.65,33081.5,2015,0.02565758,0,50,0
6.077,10,23.8,33283.5,2005,0.02565758,0,50,0
6.077,15,20.79,33493,2010,0.02565758,0,50,0
6.077,12,25.15,33341.5,2002,0.01784739,0,50,0
6.077,9,28.39,33134,2017,0.01003721,0,50,0
6.077,8,26.33,33246,2040,0.01784739,0,50,0
6.077,5,26.33,33374,2027,0.01003721,0,50,0
6.077,11,26.51,33534,2036,0.01784739,0,50,0
6.077,16,20.68,33959,2057,0.02565758,0,50,0
6.077,9,25.85,34066,2067,0.01784739,0,50,0
6.077,10,25.69,34198,2064,0.01784739,0,50,0
6.077,14,22.61,34357,2046,0.01784739,0,50,0
6.077,8,29.08,34075,2029,0.01784739,0,50,0
6.077,13,24.66,33999,2029,0.01784739,0,50,0
6.077,9,25.06,33775.5,2016,0.01463776,0,50,0
6.077,12,24.25,33688.5,2032,0.00682757,0,50,0
6.077,10,27.84,33514.5,2029,0.00682757,0,50,0
6.077,11,28.27,33270,1993,0.00682757,0,50,0
6.077,9,27.3,33178,2016,0.00682757,0,50,0
6.077,7,28.34,33192.5,2039,-9.83E-04,0,50,0
6.077,10,25.67,33329.5,2018,-9.83E-04,0,50,0
6.077,12,26.54,33372.5,2019,-9.83E-04,0,50,0
6.077,9,27.06,33389.5,2020,-9.83E-04,0,50,0
6.077,11,28.02,33317.5,2025,0.00682757,0,50,0
6.077,12,21.4,33538.5,2015,0.01463776,0,50,0
6.077,6,28.13,33305,1994,0.01463776,0,50,0
6.077,6,28.02,33133,2009,0.00682757,0,50,0
6.077,13,22.5,33235,2013,0.00682757,0,50,0
6.077,8,26.79,33164.5,2015,0.00682757,0,50,0
6.077,13,21.29,33476,2032,0.00682757,0,50,0
6.077,12,23.15,33666.5,2036,0.00682757,0,50,0
6.077,6,26.76,33688,2035,-9.83E-04,0,50,0
6.077,13,24.69,33700,2016,0.00682757,0,50,0
6.077,12,21.21,33745,2019,0.00682757,0,50,0
6.077,7,26.77,33524,2016,0.00682757,0,50,0
6.077,12,25.6,33477.5,2018,-9.83E-04,0,50,0
6.077,8,27.8,33243,2003,-9.83E-04,0,50,0
6.077,8,26.77,33098,1999,-0.0087928,0,50,0
6.077,16,25.27,33141.5,2022,-0.0087928,0,50,0
6.077,8,26.45,33114.5,2017,-9.83E-04,0,50,0
6.077,8,26.95,33227,2027,-9.83E-04,0,50,0
6.077,9,26.67,33253,2014,-0.0087928,0,50,0
6.077,11,22.65,33492.5,2027,-0.0087928,0,50,0
6.077,7,28.72,33459.5,2032,-0.0087928,0,50,0
6.077,13,23.78,33650,2045,-0.016603,0,50,0
6.077,10,28.02,33678,2039,-0.0087928,0,50,0
6.077,7,29.8,33560,2023,-0.0087928,0,50,0
6.077,6,28.33,33463.5,2028,-0.0087928,0,50,0
6.077,11,24.68,33458,2010,-9.83E-04,0,50,0
6.077,10,27.62,33318.5,2009,-9.83E-04,0,50,0
6.077,17,23.82,33424,2033,-0.0087928,0,50,0
6.077,10,26.79,33396,2029,-0.0087928,0,50,0
6.077,12,28.01,33418.5,2047,-0.016603,0,50,0
6.077,15,25.5,33596,2033,-0.016603,0,50,0
6.077,15,25.04,33791.5,2051,-0.0055832,0,50,0
6.077,9,29.09,33748.5,2048,-0.0133934,0,50,0
6.077,14,24.26,33886.5,2042,-0.0212035,0,50,0
6.077,10,29.14,33860.5,2064,-0.0212035,0,50,0
6.077,12,24.5,34075.5,2060,-0.0212035,0,50,0
6.077,9,27.43,34004.5,2037,-0.0212035,0,50,0
6.077,10,27.21,33870.5,2040,-0.0290137,0,50,0
6.077,4,30.53,33504.5,2012,-0.0290137,0,50,0
6.077,7,26.7,33366,2019,-0.0290137,0,50,0
6.077,12,26.23,33300,2006,-0.0290137,0,50,0
6.077,13,22.63,33396.5,2012,-0.0290137,0,50,0
6.077,6,25.94,33270,1995,-0.0290137,0,50,0
6.077,7,28.97,33046,2008,-0.0290137,0,50,0
6.077,14,25.21,33158,2032,-0.0212035,0,50,0
6.077,18,21.9,33444,2024,-0.0212035,0,50,0
6.077,8,27.11,33374,2002,-0.0212035,0,50,0
6.077,13,24.99,33387.5,2015,-0.0212035,0,50,0
6.077,9,26.35,33272,2008,-0.0133934,0,50,0
6.077,9,24,33398.5,2031,-0.0133934,0,50,0
6.077,7,26.42,33458,2025,-0.0133934,0,50,0
6.077,13,26.1,33444.5,2015,-0.0055832,0,50,0
6.077,10,24.6,33494,2020,-0.0055832,0,50,0
6.077,8,24.93,33535,2032,-0.0055832,0,50,0
6.077,12,19.95,33848,2041,0.00222702,0,50,0
6.077,7,26.01,33907.5,2058,0.00222702,0,50,0
6.077,4,30.47,33855,2054,0.00222702,0,50,0
6.077,12,23.29,34146.5,2068,0.00222702,0,50,0
6.077,13,28.2,34161,2067,-0.0087928,0,50,0
6.077,13,25.13,34226.5,2062,-0.0087928,0,50,0
6.077,7,26.59,34110,2041,-9.83E-04,0,50,0
6.077,8,26.39,33897.5,2018,-9.83E-04,0,50,0
6.077,13,24.16,33817.5,2029,0.00682757,0,50,0
6.077,8,26.53,33581,2015,0.01463776,0,50,0
6.077,10,28.22,33379,2022,0.00682757,0,50,0
6.077,8,29.96,33171.5,2008,0.00682757,0,50,0
6.077,11,25.48,33180.5,2011,0.00682757,0,50,0
6.077,9,26.44,33173,2004,0.00361793,0,50,0
6.077,13,24.56,33307,2025,0.00361793,0,50,0
6.077,12,22.55,33494,2021,0.00361793,0,50,0
6.077,5,27.73,33358.5,2017,0.00361793,0,50,0
6.077,11,25.31,33380,2015,0.00361793,0,50,0
6.077,8,28.22,33256,2023,0.01142812,0,50,0
6.077,15,24.78,33352,2021,0.01142812,0,50,0
6.077,10,27.83,33288.5,2011,0.01142812,0,50,0
6.077,14,28.85,33133.5,1999,0.01923831,0,50,0
6.077,13,25.01,33160,2013,0.01923831,0,50,0
6.077,12,23.47,33326.5,2032,0.02704849,0,50,0
6.077,3,30.97,33295,2048,0.02704849,0,50,0
6.077,11,28.03,33415,2016,0.01923831,0,50,0
6.077,12,28.06,33396,2007,0.01923831,0,50,0
6.077,9,26.39,33433,2021,0.01142812,0,50,0
6.077,18,17.68,33849,2046,0.01142812,0,50,0
6.077,8,24.29,33957.5,2044,0.01142812,0,50,0
6.077,8,26.89,33787,2013,0.00361793,0,50,0
6.077,10,25.54,33587,1998,0.01142812,0,50,0
6.077,9,27.32,33363,2024,0.01142812,0,50,0
6.077,11,27.12,33319,2046,0.01142812,0,50,0
6.077,10,24.1,33649.5,2062,0.00361793,0,50,0
6.077,11,23.69,33938,2035,-0.0041923,0,50,0
6.077,9,26.63,33914,2038,-0.0041923,0,50,0
6.077,15,28.35,33789,2052,-0.0041923,0,50,0
6.077,9,26.37,33802.5,2051,-0.0120024,0,50,0
6.077,10,26.23,33815.5,2037,-0.0041923,0,50,0
6.077,11,23.89,33952.5,2034,0.00361793,0,50,0
6.077,7,24.87,34003.5,2049,0.01142812,0,50,0
6.077,7,29.61,33784,2039,0.01142812,0,50,0
6.077,17,24.33,33822,2038,0.01142812,0,50,0
6.077,7,29.01,33606,2020,0.00361793,0,50,0
6.077,12,25.24,33670.5,2047,0.00361793,0,50,0
6.077,14,26.8,33725,2051,0.00361793,0,50,0
6.077,10,23.16,34022,2069,0.01142812,0,50,0
6.077,8,27.75,34042.5,2052,0.01923831,0,50,0
6.077,10,28.18,33963,2048,0.01923831,0,50,0
6.077,6,31.06,33779,2048,0.01142812,0,50,0
6.077,11,25.21,33938.5,2062,0.01142812,0,50,0
6.077,8,28.22,33974,2055,0.01142812,0,50,0
6.077,11,27.33,33996,2046,0.00361793,0,50,0
6.077,7,25.47,33931,2023,0.01142812,0,50,0
6.077,8,28.57,33666.5,2023,0.01142812,0,50,0
6.077,10,24.71,33607,2030,0.01923831,0,50,0
6.077,8,29.71,33348.5,2024,0.01142812,0,50,0
6.077,8,29.2,33191.5,2002,0.01142812,0,50,0
6.077,13,21.7,33301.5,1987,0.00361793,0,50,0
6.077,11,27.79,33017,1989,0.00361793,0,50,0
6.077,9,23.48,33031.5,1996,0.00361793,0,50,0
6.077,8,26.58,32947,2006,0.00361793,0,50,0
6.077,11,25.13,33022,2011,-0.0041923,0,50,0
6.077,6,28.6,33066,2038,0.00361793,0,50,0
6.077,8,27.27,33302.5,2042,0.00361793,0,50,0
6.077,13,24.43,33608.5,2048,0.00361793,0,50,0
6.077,8,26.6,33801.5,2049,-0.0041923,0,50,0
6.077,16,24.28,34019,2062,-0.0120024,0,50,0
6.077,6,30.38,33836.5,2040,-0.0198126,0,50,0
6.077,8,29.83,33694.5,2033,-0.0120024,0,50,0
6.077,9,27.48,33669.5,2039,-0.0041923,0,50,0
6.077,9,25.34,33688.5,2034,-0.0120024,0,50,0
6.077,7,28.96,33444.5,2004,-0.0041923,0,50,0
6.077,10,26.36,33388,2026,-0.0120024,0,50,0
6.077,7,24.87,33419.5,2024,-0.0198126,0,50,0
6.077,9,25.26,33433,2011,-0.0198126,0,50,0
6.077,15,23.31,33544,2021,-0.0198126,0,50,0
6.077,7,26.7,33538.5,2037,-0.0120024,0,50,0
6.077,12,29.47,33376.5,2028,-0.0198126,0,50,0
6.077,11,24.45,33533.5,2040,-0.0198126,0,50,0
6.077,12,27.6,33663.5,2054,-0.0198126,0,50,0
6.077,9,26.28,33735.5,2044,-0.0276228,0,50,0
6.077,8,29.4,33671.5,2042,-0.0276228,0,50,0
6.077,9,25.38,33811,2039,-0.035433,0,50,0
6.077,11,24.92,33844.5,2027,-0.0432432,0,50,0
6.077,9,27.25,33665,2017,-0.035433,0,50,0
6.077,11,24.79,33471.5,1993,-0.0276228,0,50,0
6.077,7,29.09,33004.5,1981,-0.0276228,0,50,0
6.077,9,26.69,32901.5,2013,-0.0276228,0,50,0
6.077,10,24.59,33030.5,2019,-0.0276228,0,50,0
6.077,6,25.93,33202.5,2032,-0.0276228,0,50,0
6.077,7,27.83,33314.5,2017,-0.0276228,0,50,0
6.077,9,26.03,33553.5,2042,-0.0276228,0,50,0
6.077,5,29.48,33590,2037,-0.0198126,0,50,0
6.077,9,28.33,33482.5,2010,-0.0120024,0,50,0
6.077,17,24.64,33469,2018,-0.0120024,0,50,0
6.077,10,24.9,33381,2004,-0.0198126,0,50,0
6.077,9,23.88,33375,2013,-0.0276228,0,50,0
6.077,10,25.87,33286,1999,-0.0198126,0,50,0
6.077,10,27.34,33201,2018,-0.0198126,0,50,0
6.077,11,28.26,33163,2019,-0.0198126,0,50,0
6.077,11,26.72,33225,2018,-0.0198126,0,50,0
6.077,10,23.96,33269,1990,-0.0276228,0,50,0
6.077,13,23.19,33305,2006,-0.035433,0,50,0
6.077,8,26.81,33182.5,2010,-0.0432432,0,50,0
6.077,11,25.94,33254.5,2044,-0.0432432,0,50,0
6.077,11,25.23,33367.5,2022,-0.0432432,0,50,0
6.077,8,29.98,33285,2020,-0.0432432,0,50,0
6.077,10,26.23,33381.5,2016,-0.035433,0,50,0
6.077,7,28.01,33207.5,2009,-0.035433,0,50,0
6.077,6,33.45,32857.5,2002,-0.035433,0,50,0
6.077,15,23.79,33103.5,2034,-0.0276228,0,50,0
6.077,11,24.83,33218,2013,-0.0276228,0,50,0
6.077,11,25.83,33374.5,2029,-0.035433,0,50,0
6.077,11,26.12,33483.5,2023,-0.035433,0,50,0
6.077,7,30.21,33286,2007,-0.0432432,0,50,0
6.077,12,29.15,33159,2004,-0.0432432,0,50,0
6.077,16,24.58,33254.5,2019,-0.0510534,0,50,0
6.077,13,25.66,33226,2021,-0.0510534,0,50,0
6.077,14,23.52,33408.5,2031,-0.0510534,0,50,0
6.077,11,28.23,33421.5,2031,-0.0588636,0,50,0
6.077,14,23.52,33720.5,2049,-0.0588636,0,50,0
6.077,11,24.7,33888.5,2053,-0.0588636,0,50,0
6.077,11,26.2,33872.5,2047,-0.0588636,0,50,0
6.077,7,26.96,33840,2039,-0.0588636,0,50,0
6.077,13,25.09,33915.5,2058,-0.0666738,0,50,0
6.077,14,22.71,34074,2051,-0.0666738,0,50,0
6.077,8,27.6,33984.5,2049,-0.0666738,0,50,0
6.077,13,22.03,34094,2033,-0.0588636,0,50,0
6.077,9,25.62,34006,2042,-0.0588636,0,50,0
6.077,12,25.03,33885.5,2023,-0.0588636,0,50,0
6.077,8,25.71,33714,2019,-0.0588636,0,50,0
6.077,9,27.57,33553.5,2032,-0.0588636,0,50,0
6.077,5,30.9,33356,2040,-0.0666738,0,50,0
6.077,18,24.86,33559,2047,-0.0666738,0,50,0
6.077,10,25.01,33746.5,2040,-0.0666738,0,50,0
6.077,9,25.77,33818,2028,-0.0666738,0,50,0
6.077,10,25.51,33777,2027,-0.0744839,0,50,0
6.077,7,26.49,33670,2032,-0.0744839,0,50,0
6.077,14,24.73,33679,2031,-0.0744839,0,50,0
6.077,10,27.57,33702.5,2057,-0.0666738,0,50,0
6.077,10,29.03,33695,2048,-0.0666738,0,50,0
6.077,11,23.58,33851.5,2026,-0.0666738,0,50,0
6.077,11,21.06,33984.5,2035,-0.0666738,0,50,0
6.077,6,30.11,33574,2012,-0.0666738,0,50,0
6.077,9,25.69,33406.5,2002,-0.0666738,0,50,0
6.077,13,25.8,33312,2015,-0.0666738,0,50,0
6.077,9,27.27,33190.5,2006,-0.0666738,0,50,0
6.077,7,28.22,33025.5,1998,-0.0666738,0,50,0
6.077,15,26.29,33015,2012,-0.0744839,0,50,0
6.077,6,29.35,32901,2009,-0.0744839,0,50,0
6.077,14,26.27,33028,2021,-0.0744839,0,50,0
6.077,10,23.73,33241.5,2007,-0.0666738,0,50,0
6.077,9,25.62,33259.5,2011,-0.0666738,0,50,0
6.077,11,24.03,33288.5,2003,-0.0666738,0,50,0
6.077,12,23.85,33348.5,2025,-0.0744839,0,50,0
6.077,6,27.26,33229,2004,-0.0744839,0,50,0
6.077,11,23.79,33424,2026,-0.0744839,0,50,0
6.077,5,28.09,33478,2029,-0.0822941,0,50,0
6.077,17,22.42,33608,2017,-0.0901043,0,50,0
6.077,8,27.69,33432.5,2017,-0.0822941,0,50,0
6.077,9,30.72,33184.5,2007,-0.0822941,0,50,0
6.077,9,26.2,33156.5,2015,-0.0822941,0,50,0
6.077,8,26.82,33117,1994,-0.0822941,0,50,0
6.077,9,27.35,33109.5,2012,-0.0822941,0,50,0
6.077,16,21.71,33420.5,2043,-0.0822941,0,50,0
6.077,12,24.94,33525,2025,-0.0822941,0,50,0
6.077,7,28.63,33388,2002,-0.0822941,0,50,0
6.077,13,28.31,33203,1999,-0.0822941,0,50,0
6.077,8,27.52,33056.5,2012,-0.0822941,0,50,0
6.077,10,25.08,33161,2013,-0.0822941,0,50,0
6.077,10,26.49,33212.5,2027,-0.0822941,0,50,0
6.077,9,27.96,33274.5,2034,-0.0822941,0,50,0
6.077,10,26.61,33461,2055,-0.0901043,0,50,0
6.077,11,26.42,33641,2039,-0.0901043,0,50,0
6.077,9,24.45,33842,2042,-0.0901043,0,50,0
6.077,10,26.29,33810,2032,-0.0901043,0,50,0
6.077,10,27.76,33560.5,2014,-0.0901043,0,50,0
6.077,13,22.98,33539.5,2004,-0.0901043,0,50,0
6.077,10,25.81,33345.5,1991,-0.0901043,0,50,0
6.077,13,23.39,33216.5,1994,-0.0822941,0,50,0
6.077,11,24.66,33129,2007,-0.0822941,0,50,0
6.077,4,27.53,33032,2015,-0.0901043,0,50,0
6.077,12,25.94,33164,2032,-0.0901043,0,50,0
6.077,11,29.12,33245,2022,-0.0979145,0,50,0
6.077,13,26.01,33364,2007,-0.0979145,0,50,0
6.077,10,23.76,33423.5,2009,-0.0979145,0,50,0
6.077,7,28.71,33228.5,2010,-0.0979145,0,50,0
6.077,12,26.65,33138,2001,-0.0979145,0,50,0
6.077,7,28.18,33012.5,2003,-0.0979145,0,50,0
6.077,15,24.2,33232,2031,-0.0979145,0,50,0
6.077,12,25.12,33391.5,2032,-0.0979145,0,50,0
6.077,8,26.64,33517,2031,-0.0979145,0,50,0
6.077,8,26.88,33625,2035,-0.0979145,0,50,0
6.077,10,27.11,33705.5,2061,-0.1057247,0,50,0
6.077,14,27.23,33804.5,2058,-0.1057247,0,50,0
6.077,13,25.41,33980.5,2058,-0.1057247,0,50,0
6.077,8,27.67,33985,2050,-0.1057247,0,50,0
6.077,5,29.24,33968,2062,-0.1057247,0,50,0
6.077,15,25.48,34133,2068,-0.1057247,0,50,0
6.077,12,24.97,34226,2052,-0.1057247,0,50,0
6.077,12,26.27,34282,2073,-0.1057247,0,50,0
6.077,11,30.13,34130.5,2057,-0.1057247,0,50,0
6.077,13,26.44,34144.5,2068,-0.1057247,0,50,0
6.077,13,25.06,34292,2069,-0.1057247,0,50,0
6.077,7,27.19,34261.5,2064,-0.1135349,0,50,0
6.077,14,23.51,34380.5,2060,-0.1135349,0,50,0
6.077,12,25.1,34323,2045,-0.1135349,0,50,0
6.077,8,30.03,33977,2042,-0.1135349,0,50,0
6.077,10,26.48,33825.5,2032,-0.1057247,0,50,0
6.077,14,25.49,33780.5,2046,-0.1135349,0,50,0
6.077,13,26.31,33766,2036,-0.1135349,0,50,0
6.077,11,21.88,33881,2023,-0.1135349,0,50,0
6.077,11,27.49,33669,2022,-0.1135349,0,50,0
6.077,10,27.34,33471,2018,-0.1135349,0,50,0
6.077,7,28.62,33255.5,2014,-0.1135349,0,50,0
6.077,10,24.74,33404.5,2038,-0.1135349,0,50,0
6.077,10,26.64,33484,2028,-0.1135349,0,50,0
6.077,11,25.91,33597,2040,-0.1135349,0,50,0
6.077,11,24.53,33762,2048,-0.1135349,0,50,0
6.077,13,26.15,33810,2051,-0.1135349,0,50,0
6.077,17,23.74,33909,2028,-0.1135349,0,50,0
6.077,10,26.99,33896,2046,-0.1135349,0,50,0
6.077,20,22.29,33981,2040,-0.1057247,0,50,0
6.077,7,25.57,33887,2034,-0.0979145,0,50,0
6.077,10,21.96,33967.5,2036,-0.0979145,0,50,0
6.077,7,27.98,33772,2039,-0.0979145,0,50,0
6.077,12,28.82,33619,2035,-0.0901043,0,50,0
6.077,9,28.81,33425.5,2015,-0.0901043,0,50,0
6.077,11,26.05,33383.5,2017,-0.0901043,0,50,0
6.077,14,23.92,33440.5,2014,-0.0901043,0,50,0
6.077,11,22.54,33504,2015,-0.0901043,0,50,0
6.077,12,25.87,33377.5,2009,-0.0901043,0,50,0
6.077,13,23.35,33418,2014,-0.0979145,0,50,0
6.077,13,25.88,33312.5,2013,-0.0979145,0,50,0
6.077,14,25.03,33395,2042,-0.0979145,0,50,0
6.077,12,24.5,33603.5,2044,-0.0979145,0,50,0
6.077,13,22.03,34000.5,2069,-0.0979145,0,50,0
6.077,4,27.1,34015,2045,-0.0979145,0,50,0
6.077,11,27.46,33855.5,2027,-0.0901043,0,50,0
6.077,14,24.1,33800.5,2018,-0.0901043,0,50,0
6.077,9,25.82,33629,2031,-0.0901043,0,50,0
6.077,13,24.87,33471.5,2015,-0.0901043,0,50,0
6.077,9,25.91,33395.5,2025,-0.0901043,0,50,0
6.077,11,24.18,33443.5,2012,-0.0901043,0,50,0
6.077,10,24.3,33508.5,2043,-0.0901043,0,50,0
6.077,12,25.34,33752,2062,-0.0979145,0,50,0
6.077,15,25.21,33914,2048,-0.0901043,0,50,0
6.077,12,25.92,33932.5,2030,-0.0822941,0,50,0
6.077,8,25.73,33856.5,2028,-0.0901043,0,50,0
6.077,8,26.81,33623.5,2015,-0.0901043,0,50,0
6.077,9,26.28,33409,2005,-0.0901043,0,50,0
6.077,6,26.56,33249,1999,-0.0901043,0,50,0
6.077,8,26.25,33069,1998,-0.0901043,0,50,0
6.077,12,26.01,33126,2037,-0.0901043,0,50,0
6.077,14,25.82,33248,2026,-0.0979145,0,50,0
6.077,5,28.17,33127.5,2012,-0.0901043,0,50,0
6.077,11,27.05,33350,2049,-0.0901043,0,50,0
6.077,11,24.98,33609,2060,-0.0901043,0,50,0
6.077,10,24.55,33837.5,2042,-0.0901043,0,50,0
6.077,13,29.67,33731.5,2012,-0.0901043,0,50,0
6.077,12,27.8,33542,2015,-0.0822941,0,50,0
6.077,6,28.04,33435.5,2022,-0.0901043,0,50,0
6.077,14,22.77,33538,2019,-0.0822941,0,50,0
6.077,8,23.3,33712.5,2032,-0.0822941,0,50,0
6.077,12,26.95,33732.5,2042,-0.0822941,0,50,0
6.077,14,26.13,33731.5,2039,-0.0901043,0,50,0
6.077,8,27.75,33548,2004,-0.0901043,0,50,0
6.077,9,27.67,33406.5,2027,-0.0901043,0,50,0
6.077,7,26.95,33381.5,2042,-0.0901043,0,50,0
6.077,12,24.66,33576.5,2051,-0.0901043,0,50,0
6.077,6,26.53,33651.5,2030,-0.0901043,0,50,0
6.077,10,28.96,33517,2014,-0.0901043,0,50,0
6.077,13,22.97,33734,2040,-0.0901043,0,50,0
6.077,10,27.18,33683.5,2038,-0.0901043,0,50,0
6.077,8,26.57,33678.5,2030,-0.0901043,0,50,0
6.077,10,29.18,33663,2048,-0.0901043,0,50,0
6.077,13,22.55,33894.5,2057,-0.0901043,0,50,0
6.077,9,24.41,33956.5,2040,-0.0901043,0,50,0
6.077,11,26.03,33957.5,2044,-0.0822941,0,50,0
6.077,13,23.06,34204.5,2082,-0.0744839,0,50,0
6.077,12,23.64,34335.5,2071,-0.0744839,0,50,0
6.077,7,29.67,34132.5,2049,-0.0744839,0,50,0
6.077,9,26.91,34034,2040,-0.0822941,0,50,0
6.077,10,25.02,33917.5,2025,-0.0822941,0,50,0
6.077,8,26.65,33659.5,2014,-0.0822941,0,50,0
6.077,11,26.54,33382,2003,-0.0901043,0,50,0
6.077,9,26.68,33178.5,2010,-0.0901043,0,50,0
6.077,12,25.76,33162,2024,-0.0901043,0,50,0
6.077,11,25.52,33319,2025,-0.0901043,0,50,0
6.077,9,26.59,33277,2004,-0.0901043,0,50,0
6.077,9,27.53,33169,1996,-0.0901043,0,50,0
6.077,14,22.23,33280.5,2001,-0.0822941,0,50,0
6.077,12,24.41,33269,2001,-0.0822941,0,50,0
6.077,8,26.94,33130.5,2013,-0.0822941,0,50,0
6.077,7,26.8,33101,2030,-0.0822941,0,50,0
6.077,12,25.65,33367,2046,-0.0822941,0,50,0
6.077,9,28.17,33455,2033,-0.0901043,0,50,0
6.077,12,23.52,33691,2030,-0.0901043,0,50,0
6.077,11,25.43,33793.5,2052,-0.0901043,0,50,0
6.077,9,26.5,33739,2040,-0.0901043,0,50,0
6.077,11,29.11,33669,2058,-0.0901043,0,50,0
6.077,8,25.76,33847.5,2042,-0.0901043,0,50,0
6.077,9,25.56,33839.5,2021,-0.0901043,0,50,0
6.077,7,28,33748.5,2035,-0.0901043,0,50,0
6.077,12,26.29,33681,2042,-0.0822941,0,50,0
6.077,9,23.68,33761.5,2048,-0.0822941,0,50,0
6.077,8,26.62,33852.5,2065,-0.0822941,0,50,0
6.077,11,25.66,33950.5,2050,-0.0822941,0,50,0
6.077,8,27.32,33943,2053,-0.0822941,0,50,0
6.077,10,30.12,33819,2056,-0.0822941,0,50,0
6.077,11,27.61,33790.5,2037,-0.0744839,0,50,0
6.077,10,28.2,33647,2011,-0.0822941,0,50,0
6.077,12,26.17,33572,2029,-0.0901043,0,50,0
6.077,11,29.54,33388.5,2038,-0.0901043,0,50,0
6.077,10,26.45,33344,2031,-0.0901043,0,50,0
6.077,13,24.4,33545,2043,-0.0901043,0,50,0
6.077,8,26.59,33630,2043,-0.0822941,0,50,0
6.077,12,24.77,33858.5,2060,-0.0901043,0,50,0
6.077,10,23.93,34190,2080,-0.0901043,0,50,0
6.077,7,24.66,34382,2072,-0.0901043,0,50,0
6.077,8,30.64,34167.5,2042,-0.0901043,0,50,0
6.077,7,28.77,33987.5,2029,-0.0901043,0,50,0
6.077,8,30.68,33599,2015,-0.0979145,0,50,0
6.077,16,22.82,33798.5,2062,-0.0979145,0,50,0
6.077,9,26.71,33857.5,2044,-0.0979145,0,50,0
6.077,10,24.27,33919,2041,-0.0979145,0,50,0
6.077,8,31.22,33621.5,2025,-0.0979145,0,50,0
6.077,12,26.08,33614.5,2042,-0.0979145,0,50,0
6.077,10,29.05,33607.5,2058,-0.0979145,0,50,0
6.077,12,24.7,33928,2063,-0.0979145,0,50,0
6.077,4,27.21,34070,2051,-0.0979145,0,50,0
6.077,15,25.26,34122,2038,-0.0901043,0,50,0
6.077,8,29.48,33840,2022,-0.0901043,0,50,0
6.077,10,25.7,33697,2025,-0.0901043,0,50,0
6.077,10,26.68,33584,2042,-0.0901043,0,50,0
6.077,6,28.84,33477,2030,-0.0979145,0,50,0
6.077,10,25.52,33665.5,2048,-0.1057247,0,50,0
6.077,14,22.45,33965,2043,-0.1057247,0,50,0
6.077,9,28.2,33861.5,2034,-0.1057247,0,50,0
6.077,10,29.65,33667,2029,-0.1057247,0,50,0
6.077,11,24.2,33750,2041,-0.1057247,0,50,0
6.077,13,28.46,33706.5,2045,-0.1057247,0,50,0
6.077,7,27.34,33673.5,2033,-0.1057247,0,50,0
6.077,11,29.62,33588.5,2044,-0.1135349,0,50,0
6.077,13,23.28,33963,2075,-0.1135349,0,50,0
6.077,6,29.17,33975,2070,-0.1135349,0,50,0
6.077,11,23.81,34333,2076,-0.1135349,0,50,0
6.077,3,31.07,34177,2064,-0.1135349,0,50,0
6.077,16,28.64,34073,2057,-0.1213451,0,50,0
6.077,12,27.06,33996.5,2050,-0.1213451,0,50,0
6.077,5,27.7,33882,2045,-0.1213451,0,50,0
6.077,13,25.4,33851.5,2034,-0.1213451,0,50,0
6.077,11,26.85,33783,2031,-0.1213451,0,50,0
6.077,10,25.32,33784.5,2034,-0.1213451,0,50,0
6.077,12,24.58,33686.5,2014,-0.1213451,0,50,0
6.077,10,26.91,33543,2024,-0.1213451,0,50,0
6.077,7,29.67,33410.5,2044,-0.1213451,0,50,0
6.077,14,24.46,33636,2057,-0.1291553,0,50,0
6.077,7,28.67,33869,2088,-0.1291553,0,50,0
6.077,14,23.72,34401.5,2091,-0.1291553,0,50,0
6.077,11,22.77,34697.5,2072,-0.1291553,0,50,0
6.077,6,27.84,34648,2071,-0.1291553,0,50,0
6.077,11,25.99,34515.5,2044,-0.1291553,0,50,0
6.077,7,29.88,34042.5,2024,-0.1213451,0,50,0
6.077,8,28.13,33731.5,2025,-0.1135349,0,50,0
6.077,7,30.54,33386,2017,-0.1135349,0,50,0
6.077,13,26.84,33375.5,2044,-0.1213451,0,50,0
6.077,8,25.3,33577.5,2053,-0.1213451,0,50,0
6.077,13,23.14,33869,2052,-0.1291553,0,50,0
6.077,9,23.46,34016,2039,-0.1291553,0,50,0
6.077,4,27.96,33864,2031,-0.1291553,0,50,0
6.077,13,26.35,33749,2027,-0.1291553,0,50,0
6.077,11,24.24,33648,2017,-0.1291553,0,50,0
6.077,12,28.05,33438.5,2025,-0.1369654,0,50,0
6.077,16,23.71,33551,2039,-0.1369654,0,50,0
6.077,5,29.95,33411,2024,-0.1369654,0,50,0
6.077,16,23.67,33529,2023,-0.1369654,0,50,0
6.077,11,25.84,33549,2028,-0.1369654,0,50,0
6.077,9,25.5,33569,2038,-0.1369654,0,50,0
6.077,11,26.39,33525,2027,-0.1369654,0,50,0
6.077,7,25.98,33508.5,2020,-0.1369654,0,50,0
6.077,7,22.8,33640,2029,-0.1369654,0,50,0
6.077,11,23.02,33690,2018,-0.1369654,0,50,0
6.077,13,26.24,33562.5,2019,-0.1369654,0,50,0
6.077,12,24.52,33573,2026,-0.1369654,0,50,0
6.077,9,25.81,33610.5,2055,-0.1369654,0,50,0
6.077,9,26.78,33663,2037,-0.1369654,0,50,0
6.077,9,25.7,33732,2038,-0.1369654,0,50,0
6.077,9,30.5,33528,2021,-0.1369654,0,50,0
6.077,11,27.52,33548.5,2040,-0.1369654,0,50,0
6.077,8,28.38,33584.5,2048,-0.1447756,0,50,0
6.077,13,25.56,33701.5,2037,-0.1447756,0,50,0
6.077,9,24.51,33881.5,2039,-0.1447756,0,50,0
6.077,9,26.34,33856,2039,-0.1447756,0,50,0
6.077,9,26.4,33752.5,2034,-0.1447756,0,50,0
6.077,9,27.02,33621.5,2017,-0.1447756,0,50,0
6.077,14,24.81,33497.5,1999,-0.1447756,0,50,0
6.077,12,23.39,33388,1989,-0.1447756,0,50,0
6.077,9,25.87,33085.5,1978,-0.1447756,0,50,0
6.077,5,29.05,32645.5,1969,-0.1447756,0,50,0
6.077,12,25.76,32590.5,1988,-0.1447756,0,50,0
6.077,11,26.83,32479.5,1966,-0.1447756,0,50,0
6.077,12,25.8,32526,1992,-0.1447756,0,50,0
6.077,5,29.99,32565.5,2009,-0.1447756,0,50,0
6.077,14,22.27,32941.5,2017,-0.1447756,0,50,0
6.077,9,25.99,33110.5,2016,-0.1447756,0,50,0
6.077,11,24.03,33339.5,2036,-0.1447756,0,50,0
6.077,11,24.71,33487.5,2025,-0.1447756,0,50,0
6.077,14,21.27,33574,2004,-0.1447756,0,50,0
6.077,8,26.97,33451.5,2020,-0.1447756,0,50,0
6.077,12,25.91,33380,2028,-0.1447756,0,50,0
6.077,8,25.11,33195.5,1996,-0.1447756,0,50,0
6.077,8,27.25,33048,1989,-0.1447756,0,50,0
6.077,9,27.91,32971,2009,-0.1447756,0,50,0
6.077,5,27.35,32900.5,2003,-0.1447756,0,50,0
6.077,10,24.68,33033,2013,-0.1447756,0,50,0
6.077,11,24.46,33279,2036,-0.1447756,0,50,0
6.077,15,24.21,33503,2033,-0.1447756,0,50,0
6.077,13,26.73,33586.5,2033,-0.1447756,0,50,0
6.077,13,24.76,33613,2015,-0.1447756,0,50,0
6.077,7,26.17,33516,2020,-0.1369654,0,50,0
6.077,9,28.49,33246.5,1992,-0.1369654,0,50,0
6.077,8,25.44,33055.5,1981,-0.1369654,0,50,0
6.077,10,24.98,32972.5,1998,-0.1369654,0,50,0
6.077,15,24.04,32929,1991,-0.1369654,0,50,0
6.077,4,29.91,32611.5,1961,-0.1369654,0,50,0
6.077,13,25.32,32517,1970,-0.1369654,0,50,0
6.077,11,24.47,32528,1970,-0.1447756,0,50,0
6.077,8,25.49,32567,2003,-0.1447756,0,50,0
6.077,7,29.17,32566,1999,-0.1447756,0,50,0
6.077,22,20.02,32952,1999,-0.1447756,0,50,0
6.077,5,27.25,32849,1982,-0.1447756,0,50,0
6.077,7,30.87,32560.5,1972,-0.1447756,0,50,0
6.077,9,22.31,32731,2004,-0.1447756,0,50,0
6.077,7,31.85,32550,2011,-0.1447756,0,50,0
6.077,9,28.27,32744,2017,-0.1447756,0,50,0
6.077,11,25.23,33057.5,2010,-0.1447756,0,50,0
6.077,11,25.58,33317,2031,-0.1447756,0,50,0
6.077,9,26.4,33491.5,2034,-0.1447756,0,50,0
6.077,6,27.71,33519.5,2033,-0.1447756,0,50,0
6.077,9,28.65,33504.5,2032,-0.1447756,0,50,0
6.077,11,25.34,33604,2041,-0.1447756,0,50,0
6.077,11,21.39,33937.5,2063,-0.1447756,0,50,0
6.077,9,26.03,33964.5,2042,-0.1447756,0,50,0
6.077,14,23.3,34027,2033,-0.1447756,0,50,0
6.077,11,26.34,33838,2016,-0.1447756,0,50,0
6.077,10,26.71,33618.5,2016,-0.1447756,0,50,0
6.077,11,23.69,33568.5,2020,-0.1447756,0,50,0
6.077,5,25.05,33621,2039,-0.1447756,0,50,0
6.077,8,28.42,33651,2062,-0.1447756,0,50,0
6.077,19,23.18,33982.5,2071,-0.1447756,0,50,0
6.077,3,31.02,33819.5,2028,-0.1447756,0,50,0
6.077,6,27.81,33688,2020,-0.1447756,0,50,0
6.077,7,28.13,33389,1996,-0.1447756,0,50,0
6.077,7,25.9,33228,2002,-0.1447756,0,50,0
6.077,8,28.38,33124.5,2026,-0.1447756,0,50,0
6.077,6,27.95,33096,2015,-0.1447756,0,50,0
6.077,9,26.45,33145.5,2009,-0.1447756,0,50,0
6.077,12,24.51,33263.5,2015,-0.1447756,0,50,0
6.077,11,27.1,33156,2005,-0.1447756,0,50,0
6.077,6,25.82,33192,2018,-0.1447756,0,50,0
6.077,15,24.73,33378.5,2041,-0.1447756,0,50,0
6.077,7,28.84,33414.5,2041,-0.1447756,0,50,0
6.077,15,24.06,33662,2034,-0.1447756,0,50,0
6.077,10,25.22,33673.5,2014,-0.1447756,0,50,0
6.077,13,23.78,33714.5,2037,-0.1369654,0,50,0
6.077,9,28.9,33441.5,2023,-0.1369654,0,50,0
6.077,14,26.8,33365.5,2025,-0.1369654,0,50,0
6.077,8,25.71,33413,2015,-0.1369654,0,50,0
6.077,9,27.11,33279,2003,-0.1369654,0,50,0
6.077,4,30.27,33081.5,2012,-0.1369654,0,50,0
6.077,12,24.57,33202,2016,-0.1369654,0,50,0
6.077,9,27.9,33084.5,1996,-0.1369654,0,50,0
6.077,12,25.42,33079,1999,-0.1369654,0,50,0
6.077,10,27.73,32933,2002,-0.1369654,0,50,0
6.077,10,28.78,32818.5,1999,-0.1369654,0,50,0
6.077,9,28.8,32756,1996,-0.1369654,0,50,0
6.077,11,27.43,32843,2012,-0.1369654,0,50,0
6.077,9,26.83,33083,2028,-0.1369654,0,50,0
6.077,5,30.3,33136.5,2026,-0.1369654,0,50,0
6.077,7,29.91,33224.5,2044,-0.1369654,0,50,0
6.077,10,27.96,33450.5,2050,-0.1447756,0,50,0
6.077,16,25.09,33718,2035,-0.1447756,0,50,0
6.077,8,27.65,33615,2016,-0.1447756,0,50,0
6.077,13,25.57,33577,2014,-0.1525858,0,50,0
6.077,9,26.95,33340,2006,-0.1525858,0,50,0
6.077,8,26.32,33196.5,2007,-0.1525858,0,50,0
6.077,14,24.52,33226.5,2006,-0.1525858,0,50,0
6.077,9,29.53,33053.5,2013,-0.1525858,0,50,0
6.077,11,27.43,33066,2012,-0.1525858,0,50,0
6.077,10,26.89,33076.5,2011,-0.1525858,0,50,0
6.077,6,29.99,33023,2017,-0.1525858,0,50,0
6.077,9,25.54,33155.5,2013,-0.1525858,0,50,0
6.077,10,20.63,33463.5,2034,-0.1525858,0,50,0
6.077,6,28.66,33338,2017,-0.1525858,0,50,0
6.077,12,27.97,33210,2019,-0.1525858,0,50,0
6.077,11,27.65,33192.5,2020,-0.1525858,0,50,0
6.077,10,24.01,33358.5,2020,-0.1525858,0,50,0
6.077,14,24.94,33387.5,2000,-0.1525858,0,50,0
6.077,6,26.72,33185,1977,-0.1525858,0,50,0
6.077,8,27.8,32804,1963,-0.1525858,0,50,0
6.077,8,25.69,32685.5,2000,-0.1525858,0,50,0
6.077,11,25.63,32812.5,2028,-0.1525858,0,50,0
6.077,9,25.27,33058.5,2026,-0.1525858,0,50,0
6.077,9,26.56,33369.5,2050,-0.1525858,0,50,0
6.077,9,28.32,33528.5,2041,-0.1525858,0,50,0
6.077,12,22.34,33866.5,2042,-0.1525858,0,50,0
6.077,6,26.37,33796.5,2018,-0.1525858,0,50,0
6.077,9,28.34,33537.5,2004,-0.1525858,0,50,0
6.077,11,26.46,33493.5,2041,-0.1525858,0,50,0
6.077,9,26.21,33616.5,2057,-0.1525858,0,50,0
6.077,11,28.42,33624,2036,-0.1525858,0,50,0
6.077,14,25.35,33827.5,2049,-0.1525858,0,50,0
6.077,8,24.74,33998,2053,-0.1525858,0,50,0
6.077,11,26.57,33912.5,2036,-0.1525858,0,50,0
6.077,18,21.25,34007,2029,-0.1525858,0,50,0
6.077,6,28.47,33674,2013,-0.1525858,0,50,0
6.077,9,27.63,33351.5,2001,-0.1525858,0,50,0
6.077,11,25.96,33144,1995,-0.1525858,0,50,0
6.077,11,26.18,33057.5,2013,-0.1525858,0,50,0
6.077,8,27.71,32975,2010,-0.1525858,0,50,0
6.077,10,28.24,32889.5,1995,-0.1525858,0,50,0
6.077,15,23.83,33114.5,2014,-0.1525858,0,50,0
6.077,7,24.55,33270,2029,-0.1525858,0,50,0
6.077,11,25.43,33415,2037,-0.1525858,0,50,0
6.077,8,28.46,33465.5,2040,-0.1525858,0,50,0
6.077,11,28.36,33437,2026,-0.1525858,0,50,0
6.077,13,23.9,33581.5,2022,-0.1525858,0,50,0
6.077,10,26.33,33524,2024,-0.1525858,0,50,0
6.077,11,26.61,33594,2046,-0.1525858,0,50,0
6.077,7,24.73,33698.5,2031,-0.1525858,0,50,0
6.077,7,26.6,33675.5,2032,-0.1525858,0,50,0
6.077,12,27.23,33623,2039,-0.1525858,0,50,0
6.077,11,25.58,33717,2047,-0.1525858,0,50,0
6.077,9,25.88,33775,2048,-0.1525858,0,50,0
6.077,10,31.94,33537,2020,-0.1525858,0,50,0
6.077,11,28.98,33364.5,2002,-0.1525858,0,50,0
6.077,9,31.17,33076.5,2011,-0.1525858,0,50,0
6.077,6,27.93,33037,2014,-0.1525858,0,50,0
6.077,5,29.35,32980.5,2007,-0.1525858,0,50,0
6.077,9,24.22,33154.5,1998,-0.1525858,0,50,0
6.077,7,28.17,33038.5,1998,-0.1525858,0,50,0
6.077,6,30.06,32818.5,2000,-0.1525858,0,50,0
6.077,10,25.21,32806.5,1983,-0.1525858,0,50,0
6.077,11,25,32908,2013,-0.1525858,0,50,0
6.077,10,24.09,33075.5,2020,-0.1525858,0,50,0
6.077,9,22.33,33334.5,2020,-0.1525858,0,50,0
6.077,12,23.28,33500,2018,-0.1525858,0,50,0
6.077,9,25.83,33469,2013,-0.1525858,0,50,0
6.077,16,21.06,33755,2056,-0.1525858,0,50,0
6.077,8,27.02,33712,2038,-0.1525858,0,50,0
6.077,13,25.14,33729,2015,-0.1525858,0,50,0
6.077,11,25.22,33717,2040,-0.1525858,0,50,0
6.077,15,24.95,33795,2054,-0.1525858,0,50,0
6.077,9,26.77,33844,2049,-0.1525858,0,50,0
6.077,8,32.38,33649.5,2049,-0.1525858,0,50,0
6.077,8,29.31,33640,2036,-0.1525858,0,50,0
6.077,12,25.09,33789.5,2056,-0.1525858,0,50,0
6.077,8,24.44,33945.5,2042,-0.1525858,0,50,0
6.077,9,26.59,34034,2064,-0.1525858,0,50,0
6.077,12,25.42,34161,2061,-0.1525858,0,50,0
6.077,12,23.6,34310.5,2056,-0.1525858,0,50,0
6.077,9,24.82,34226.5,2035,-0.1525858,0,50,0
6.077,3,31.36,33801.5,2019,-0.1525858,0,50,0
6.077,12,24.74,33727.5,2029,-0.1525858,0,50,0
6.077,9,28.04,33489,2016,-0.1525858,0,50,0
6.077,8,27.77,33455.5,2043,-0.1525858,0,50,0
6.077,7,23.94,33687,2063,-0.1525858,0,50,0
6.077,11,26.69,33840.5,2071,-0.1525858,0,50,0
6.077,11,26,34125,2075,-0.1525858,0,50,0
6.077,9,27.69,34219,2056,-0.1525858,0,50,0
6.077,16,25.56,34247,2047,-0.1525858,0,50,0
6.077,7,29.55,33969,2038,-0.1525858,0,50,0
6.077,9,27.39,33684,2021,-0.1525858,0,50,0
6.077,8,26.63,33514,2029,-0.1525858,0,50,0
6.077,8,25.69,33587,2042,-0.1525858,0,50,0
6.077,12,23.82,33820,2051,-0.1525858,0,50,0
6.077,6,28.9,33696.5,2032,-0.1525858,0,50,0
6.077,9,28.41,33566.5,2029,-0.1525858,0,50,0
6.077,11,27.96,33539,2045,-0.1525858,0,50,0
6.077,11,25.11,33647,2039,-0.1525858,0,50,0
6.077,8,24.75,33800.5,2047,-0.1525858,0,50,0
6.077,11,26.76,33825,2044,-0.1525858,0,50,0
6.077,6,29.99,33599,2020,-0.1525858,0,50,0
6.077,13,26.18,33460.5,2006,-0.1525858,0,50,0
6.077,14,26.34,33373,2021,-0.1525858,0,50,0
6.077,13,25.98,33401.5,2033,-0.1525858,0,50,0
6.077,7,27.95,33431.5,2047,-0.1525858,0,50,0
6.077,14,25.12,33719,2058,-0.1525858,0,50,0
6.077,6,24.37,33988,2054,-0.1525858,0,50,0
6.077,9,27.19,33997,2051,-0.1525858,0,50,0
6.077,11,23.98,34057.5,2045,-0.1525858,0,50,0
6.077,13,23.58,34063,2043,-0.1525858,0,50,0
6.077,11,21.9,34177.5,2058,-0.1525858,0,50,0
6.077,9,26.51,33961,2034,-0.1525858,0,50,0
6.077,12,23.52,34068.5,2064,-0.1525858,0,50,0
6.077,10,25.31,34165,2060,-0.1525858,0,50,0
6.077,13,25.16,34194.5,2050,-0.1525858,0,50,0
6.077,7,27.97,34110.5,2046,-0.1525858,0,50,0
6.077,11,28.81,34017,2065,-0.1525858,0,50,0
6.077,10,27,34083,2073,-0.1525858,0,50,0
6.077,10,27.18,34144.5,2068,-0.1525858,0,50,0
6.077,8,28.4,34139,2057,-0.1525858,0,50,0
6.077,7,27.26,34137,2055,-0.1525858,0,50,0
6.077,9,26.54,34079,2059,-0.1525858,0,50,0
6.077,10,26.21,33995.5,2043,-0.1525858,0,50,0
6.077,9,28.11,33904.5,2059,-0.1525858,0,50,0
6.077,14,23.53,34111.5,2061,-0.1525858,0,50,0
6.077,13,23.79,34224,2058,-0.1525858,0,50,0
6.077,5,25.92,34151.5,2031,-0.1525858,0,50,0
6.077,7,25.09,33957,2022,-0.1525858,0,50,0
6.077,10,25.39,33731.5,2010,-0.1525858,0,50,0
6.077,7,27.83,33360,1993,-0.1525858,0,50,0
6.077,9,25.71,33128.5,1995,-0.1525858,0,50,0
6.077,12,25.02,33042,2004,-0.1525858,0,50,0
6.077,7,28.36,32848.5,1991,-0.1525858,0,50,0
6.077,13,21.93,33151,2016,-0.1525858,0,50,0
6.077,11,24.39,33270,2012,-0.1525858,0,50,0
6.077,7,28.67,33155.5,2019,-0.1525858,0,50,0
6.077,9,26.11,33297.5,2040,-0.1525858,0,50,0
6.077,7,23.45,33474,2032,-0.1525858,0,50,0
6.077,12,23.01,33661.5,2035,-0.1525858,0,50,0
6.077,11,23.21,33786,2032,-0.1525858,0,50,0
6.077,9,25.53,33714,2045,-0.1525858,0,50,0
6.077,9,27.21,33678,2030,-0.1525858,0,50,0
6.077,10,28.05,33545.5,2021,-0.1525858,0,50,0
6.077,10,23.71,33655,2032,-0.1525858,0,50,0
6.077,13,25.68,33703.5,2046,-0.1525858,0,50,0
6.077,10,28.27,33660,2045,-0.1525858,0,50,0
6.077,8,31.42,33481,2022,-0.1525858,0,50,0
6.077,10,27.09,33503,2017,-0.1525858,0,50,0
6.077,10,24.28,33613.5,2044,-0.1525858,0,50,0
6.077,8,26.35,33740.5,2056,-0.1525858,0,50,0
6.077,10,26.82,33755,2045,-0.1525858,0,50,0
6.077,11,26.9,33760.5,2036,-0.1525858,0,50,0
6.077,6,30.18,33518.5,2009,-0.1525858,0,50,0
6.077,12,24.31,33610,2046,-0.1525858,0,50,0
6.077,10,29.59,33539,2035,-0.1525858,0,50,0
6.077,20,22.45,33841,2042,-0.1525858,0,50,0
6.077,8,27.59,33848.5,2041,-0.1525858,0,50,0
6.077,10,28.5,33681,2032,-0.1525858,0,50,0
6.077,7,32.46,33400.5,2028,-0.1525858,0,50,0
6.077,11,24.71,33538,2027,-0.1525858,0,50,0
6.077,12,27.63,33505,2027,-0.1525858,0,50,0
6.077,9,25.4,33555,2025,-0.1525858,0,50,0
6.077,9,26.51,33636,2054,-0.1525858,0,50,0
6.077,17,20.33,33997,2051,-0.1525858,0,50,0
6.077,6,29.49,33741,2014,-0.1525858,0,50,0
6.077,11,26.02,33781.5,2051,-0.1525858,0,50,0
6.077,7,28.23,33788.5,2073,-0.1525858,0,50,0
6.077,12,23.33,33943.5,2048,-0.1525858,0,50,0
6.077,9,25.75,34020.5,2036,-0.1525858,0,50,0
6.077,10,24.58,34130,2050,-0.1525858,0,50,0
6.077,14,23.08,34180,2063,-0.1525858,0,50,0
6.077,8,26.64,34093,2055,-0.1525858,0,50,0
6.077,9,26.28,34134,2056,-0.1525858,0,50,0
6.077,5,30.72,33925.5,2054,-0.1525858,0,50,0
6.077,13,24.48,33948,2040,-0.1525858,0,50,0
6.077,11,24.24,33944.5,2030,-0.1525858,0,50,0
6.077,8,28.73,33684,2029,-0.1525858,0,50,0
6.077,12,25.75,33567,2015,-0.1525858,0,50,0
6.077,11,28.27,33259.5,1990,-0.1525858,0,50,0
6.077,14,25.63,33207,2020,-0.1525858,0,50,0
6.077,11,24,33313.5,2033,-0.1525858,0,50,0
6.077,4,27.03,33359,2037,-0.1525858,0,50,0
6.077,15,21.44,33728.5,2046,-0.1525858,0,50,0
6.077,9,27.12,33770,2038,-0.1525858,0,50,0
6.077,8,28.37,33596,2024,-0.1525858,0,50,0
6.077,17,23.54,33711,2033,-0.1525858,0,50,0
6.077,14,23.12,33937,2057,-0.1525858,0,50,0
6.077,8,28.1,33809,2039,-0.1525858,0,50,0
6.077,9,26.43,33795,2019,-0.1525858,0,50,0
6.077,9,26.73,33591,1999,-0.1525858,0,50,0
6.077,9,29.11,33173.5,2008,-0.1525858,0,50,0
6.077,12,23.51,33092.5,1990,-0.1525858,0,50,0
6.077,10,24.75,33025,2006,-0.1525858,0,50,0
6.077,9,23.62,33082.5,2008,-0.1525858,0,50,0
6.077,9,24.76,33173,2027,-0.1525858,0,50,0
6.077,12,28.88,33235.5,2029,-0.1525858,0,50,0
6.077,8,29.06,33227.5,2010,-0.1525858,0,50,0
6.077,10,27.46,33172.5,1987,-0.1525858,0,50,0
6.077,18,22.76,33343,2013,-0.1525858,0,50,0
6.077,3,30.41,33025,1998,-0.1525858,0,50,0
6.077,17,27.16,32995,1998,-0.1525858,0,50,0
6.077,7,29.4,32762,1973,-0.1525858,0,50,0
6.077,7,27.95,32621,1980,-0.1525858,0,50,0
6.077,10,27.41,32620,1992,-0.1525858,0,50,0
6.077,10,22.45,32984,2029,-0.1525858,0,50,0
6.077,9,26.26,33296,2045,-0.1525858,0,50,0
6.077,11,25.77,33523.5,2032,-0.1525858,0,50,0
6.077,13,23.02,33859.5,2060,-0.1525858,0,50,0
6.077,13,22.22,34229.5,2084,-0.1525858,0,50,0
6.077,16,22.94,34504.5,2083,-0.1525858,0,50,0
6.077,9,26.48,34456.5,2054,-0.1525858,0,50,0
6.077,15,27.41,34382,2074,-0.1525858,0,50,0
6.077,7,29.97,34100,2049,-0.1525858,0,50,0
6.077,12,27.01,34076,2065,-0.1525858,0,50,0
6.077,6,27.74,33921.5,2008,-0.1525858,0,50,0
6.077,9,25.55,33520.5,1977,-0.1525858,0,50,0
6.077,5,29.57,33066.5,1993,-0.1525858,0,50,0
6.077,13,22.39,33146.5,2025,-0.1525858,0,50,0
6.077,6,26.94,33025,2002,-0.1525858,0,50,0
6.077,9,29.46,32993.5,2019,-0.1525858,0,50,0
6.077,6,26.84,33283,2054,-0.1525858,0,50,0
6.077,8,26.09,33451,2038,-0.1525858,0,50,0
6.077,7,27.1,33502.5,2020,-0.1525858,0,50,0
6.077,5,28.37,33539.5,2033,-0.1525858,0,50,0
6.077,10,26.5,33570,2049,-0.1525858,0,50,0
6.077,8,27.24,33566.5,2035,-0.1525858,0,50,0
6.077,9,27.52,33530,2022,-0.1525858,0,50,0
6.077,7,27.83,33556.5,2038,-0.1525858,0,50,0
6.077,7,30.89,33385,2032,-0.1525858,0,50,0
6.077,8,23.98,33553.5,2038,-0.1525858,0,50,0
6.077,10,24.62,33698,2038,-0.1525858,0,50,0
6.077,10,25.94,33694.5,2031,-0.1525858,0,50,0
6.077,7,25.49,33763,2045,-0.1525858,0,50,0
6.077,15,19.42,34135,2068,-0.1525858,0,50,0
6.077,8,28.92,33977.5,2042,-0.1525858,0,50,0
6.077,11,25.71,33981.5,2046,-0.1525858,0,50,0
6.077,10,25.29,33954,2027,-0.1525858,0,50,0
6.077,8,29.31,33657.5,2020,-0.1525858,0,50,0
6.077,11,26.93,33434.5,2004,-0.1525858,0,50,0
6.077,9,26.4,33266.5,2006,-0.1525858,0,50,0
6.077,10,25.09,33374,2041,-0.1525858,0,50,0
6.077,5,27.75,33379,2030,-0.1525858,0,50,0
6.077,13,27.84,33461,2031,-0.1525858,0,50,0
6.077,9,29.06,33503.5,2029,-0.1525858,0,50,0
6.077,6,30.95,33330,2021,-0.1525858,0,50,0
6.077,11,22.44,33494.5,2002,-0.1525858,0,50,0
6.077,3,29.71,33240.5,2002,-0.1525858,0,50,0
6.077,11,26.3,33081.5,1999,-0.1525858,0,50,0
6.077,15,20.77,33303,2031,-0.1525858,0,50,0
6.077,8,24.34,33455.5,2015,-0.1525858,0,50,0
6.077,9,26.88,33358.5,2001,-0.1525858,0,50,0
6.077,10,26.94,33267.5,2014,-0.1525858,0,50,0
6.077,13,23.91,33413.5,2033,-0.1525858,0,50,0
6.077,7,26.57,33366,2026,-0.1525858,0,50,0
6.077,11,26.48,33371.5,2016,-0.1525858,0,50,0
6.077,10,25.16,33358.5,2009,-0.1525858,0,50,0
6.077,8,28.74,33200.5,2028,-0.1525858,0,50,0
6.077,10,25.81,33292.5,2024,-0.1525858,0,50,0
6.077,8,28.98,33352.5,2042,-0.1525858,0,50,0
6.077,11,23.48,33630.5,2031,-0.1525858,0,50,0
6.077,11,24.82,33763,2040,-0.1525858,0,50,0
6.077,15,24.14,33891.5,2046,-0.1525858,0,50,0
6.077,5,30.51,33618,2028,-0.1525858,0,50,0
6.077,14,26.64,33664.5,2047,-0.1525858,0,50,0
6.077,13,23.57,33907,2052,-0.1525858,0,50,0
6.077,6,27.25,33827.5,2029,-0.1525858,0,50,0
6.077,5,25.65,33865.5,2040,-0.1525858,0,50,0
6.077,12,24.1,33916,2046,-0.1525858,0,50,0
6.077,9,29.13,33644,2018,-0.1525858,0,50,0
6.077,8,26.68,33461,2001,-0.1525858,0,50,0
6.077,7,28.77,33263.5,2015,-0.1525858,0,50,0
6.077,12,26.85,33243.5,2025,-0.1525858,0,50,0
6.077,13,24.65,33329.5,2023,-0.1525858,0,50,0
6.077,11,21.83,33688.5,2051,-0.1525858,0,50,0
6.077,7,28.86,33643,2047,-0.1525858,0,50,0
6.077,11,28.13,33648.5,2042,-0.1525858,0,50,0
6.077,13,26.81,33803,2057,-0.1525858,0,50,0
6.077,11,26.92,33916,2048,-0.1525858,0,50,0
6.077,11,26.12,34022.5,2055,-0.1525858,0,50,0
6.077,15,26.46,34138,2071,-0.1525858,0,50,0
6.077,13,28.39,34209,2085,-0.1525858,0,50,0
6.077,9,28.8,34206.5,2067,-0.1525858,0,50,0
6.077,11,25.97,34423.5,2087,-0.1525858,0,50,0
6.077,8,26.47,34521.5,2068,-0.1525858,0,50,0
6.077,12,22.06,34626,2057,-0.1525858,0,50,0
6.077,8,32.11,34141,2034,-0.1525858,0,50,0
6.077,13,27.81,33926,2044,-0.1525858,0,50,0
6.077,6,27.33,33804.5,2050,-0.1525858,0,50,0
6.077,10,22.93,34004,2063,-0.1525858,0,50,0
6.077,9,24.51,34136.5,2065,-0.1525858,0,50,0
6.077,8,29.06,33914,2018,-0.1525858,0,50,0
6.077,11,25.29,33691.5,1997,-0.1525858,0,50,0
6.077,12,23.68,33562,2021,-0.1525858,0,50,0
6.077,11,22.08,33648.5,2040,-0.1525858,0,50,0
6.077,7,26.01,33558.5,2027,-0.1525858,0,50,0
6.077,9,24.35,33668,2030,-0.1525858,0,50,0
6.077,10,27.91,33555.5,2019,-0.1525858,0,50,0
6.077,9,28.51,33365.5,2008,-0.1525858,0,50,0
6.077,11,25.75,33309,2005,-0.1525858,0,50,0
6.077,8,27.73,33218,2021,-0.1525858,0,50,0
6.077,19,22.23,33551,2052,-0.1525858,0,50,0
6.077,9,24.86,33675.5,2039,-0.1525858,0,50,0
6.077,11,24.45,33802,2033,-0.1525858,0,50,0
6.077,3,30.73,33617.5,2030,-0.1525858,0,50,0
6.077,12,25.74,33736.5,2061,-0.1525858,0,50,0
6.077,12,24.3,33935.5,2053,-0.1525858,0,50,0
6.077,9,27.26,33896.5,2027,-0.1525858,0,50,0
6.077,12,26.96,33781.5,2030,-0.1525858,0,50,0
6.077,11,25.9,33680,2037,-0.1525858,0,50,0
6.077,12,25.12,33662,2034,-0.1525858,0,50,0
6.077,6,31.14,33372.5,2015,-0.1525858,0,50,0
6.077,15,28.08,33302.5,2013,-0.1525858,0,50,0
6.077,13,24.32,33427,2031,-0.1525858,0,50,0
6.077,12,27.1,33408.5,2023,-0.1525858,0,50,0
6.077,12,26.39,33473.5,2034,-0.1525858,0,50,0
6.077,8,25.44,33538.5,2014,-0.1525858,0,50,0
6.077,13,24.71,33556,2019,-0.1525858,0,50,0
6.077,9,27.05,33470.5,2022,-0.1525858,0,50,0
6.077,7,27.5,33403,2016,-0.1525858,0,50,0
6.077,8,29.97,33243,2025,-0.1525858,0,50,0
6.077,13,23.46,33491.5,2036,-0.1525858,0,50,0
6.077,7,27.41,33605,2047,-0.1525858,0,50,0
6.077,10,24.67,33800,2036,-0.1525858,0,50,0
6.077,11,24.95,33791,2025,-0.1525858,0,50,0
6.077,9,27.46,33671.5,2032,-0.1525858,0,50,0
6.077,7,29.47,33410.5,2005,-0.1525858,0,50,0
6.077,6,27.81,33266.5,2017,-0.1525858,0,50,0
6.077,15,26.41,33382,2044,-0.1525858,0,50,0
6.077,8,29.91,33334.5,2036,-0.1525858,0,50,0
6.077,11,29.08,33377.5,2040,-0.1525858,0,50,0
6.077,13,26.56,33538.5,2039,-0.1525858,0,50,0
6.077,7,26.95,33611,2046,-0.1525858,0,50,0
6.077,8,30.34,33636,2059,-0.1525858,0,50,0
6.077,13,23.79,33939.5,2050,-0.1525858,0,50,0
6.077,10,26.29,34030.5,2047,-0.1525858,0,50,0
6.077,7,26.1,33975.5,2033,-0.1525858,0,50,0
6.077,11,23.48,33900.5,2031,-0.1525858,0,50,0
6.077,11,27.35,33706,2027,-0.1525858,0,50,0
6.077,11,22.93,33816,2050,-0.1525858,0,50,0
6.077,10,25.56,33896,2058,-0.1525858,0,50,0
6.077,7,30.64,33868,2067,-0.1525858,0,50,0
6.077,7,27.98,33944,2049,-0.1525858,0,50,0
6.077,6,28.14,33982,2048,-0.1525858,0,50,0
6.077,11,28.05,33921,2044,-0.1525858,0,50,0
6.077,11,29.11,33765.5,2046,-0.1525858,0,50,0
6.077,5,28.97,33712.5,2041,-0.1525858,0,50,0
6.077,11,27.17,33782.5,2060,-0.1525858,0,50,0
6.077,12,24.12,33996,2044,-0.1525858,0,50,0
6.077,11,26.03,33980.5,2044,-0.1525858,0,50,0
6.077,6,26.38,33903,2035,-0.1525858,0,50,0
6.077,12,28.39,33722.5,2043,-0.1525858,0,50,0
6.077,12,28.39,33627,2049,-0.1525858,0,50,0
6.077,15,25.43,33836.5,2067,-0.1525858,0,50,0
6.077,11,27.67,33928,2051,-0.1525858,0,50,0
6.077,10,28.02,33954,2045,-0.1525858,0,50,0
6.077,11,25.98,34016.5,2048,-0.1525858,0,50,0
6.077,5,30.98,33779,2047,-0.1525858,0,50,0
6.077,9,28.72,33718,2043,-0.1525858,0,50,0
6.077,14,23.4,34004.5,2054,-0.1525858,0,50,0
6.077,14,22.08,34294.5,2065,-0.1525858,0,50,0
6.077,11,26.74,34308,2076,-0.1525858,0,50,0
6.077,14,24.07,34425.5,2069,-0.1525858,0,50,0
6.077,7,30.9,34182,2042,-0.1525858,0,50,0
6.077,12,24.28,34197,2043,-0.1525858,0,50,0
6.077,6,30.49,33855,2035,-0.1525858,0,50,0
6.077,9,24.79,33788.5,2038,-0.1525858,0,50,0
6.077,9,25.39,33713.5,2032,-0.1525858,0,50,0
6.077,9,23.29,33835.5,2046,-0.1525858,0,50,0
6.077,13,23.56,33960.5,2058,-0.1525858,0,50,0
6.077,15,22.62,34021,2029,-0.1525858,0,50,0
6.077,9,21.99,34064,2021,-0.1525858,0,50,0
6.077,10,26.31,33809,2012,-0.1525858,0,50,0
6.077,10,27.24,33417.5,1994,-0.1525858,0,50,0
6.077,4,29.84,33049.5,1992,-0.1525858,0,50,0
6.077,8,28,32861.5,2004,-0.1525858,0,50,0
6.077,7,26.41,32915.5,2016,-0.1525858,0,50,0
6.077,11,25.85,33085.5,2015,-0.1525858,0,50,0
6.077,12,28.88,33028.5,1996,-0.1525858,0,50,0
6.077,14,25.73,33101,2008,-0.1525858,0,50,0
6.077,11,22.33,33347,2031,-0.1525858,0,50,0
6.077,10,22.77,33598.5,2039,-0.1525858,0,50,0
6.077,8,22.28,33795,2036,-0.1525858,0,50,0
6.077,12,23.78,33803.5,2024,-0.1525858,0,50,0
6.077,13,25.69,33669.5,2020,-0.1525858,0,50,0
6.077,13,24.52,33629.5,2042,-0.1525858,0,50,0
6.077,10,26.35,33690,2051,-0.1525858,0,50,0
6.077,8,25.12,33841,2053,-0.1525858,0,50,0
6.077,5,29.77,33749,2036,-0.1525858,0,50,0
6.077,14,27.26,33704,2041,-0.1525858,0,50,0
6.077,9,27.82,33612.5,2039,-0.1525858,0,50,0
6.077,15,23.04,33863.5,2054,-0.1525858,0,50,0
6.077,11,27.8,33750.5,2010,-0.1525858,0,50,0
6.077,10,28,33454.5,1996,-0.1525858,0,50,0
6.077,7,30.27,33062.5,1985,-0.1525858,0,50,0
6.077,13,23.48,33034,2002,-0.1525858,0,50,0
6.077,10,26.76,32975.5,2009,-0.1525858,0,50,0
6.077,9,28.48,32904,2002,-0.1525858,0,50,0
6.077,14,26.83,32923,1999,-0.1525858,0,50,0
6.077,12,26.68,32940,2011,-0.1525858,0,50,0
6.077,12,27.26,33018.5,2019,-0.1525858,0,50,0
6.077,11,23.94,33173.5,2010,-0.1525858,0,50,0
6.077,14,27.71,33181.5,2024,-0.1525858,0,50,0
6.077,10,27.21,33235.5,2002,-0.1525858,0,50,0
6.077,13,25.93,33248,2002,-0.1525858,0,50,0
6.077,13,19.43,33539,2031,-0.1525858,0,50,0
6.077,8,25.09,33443,2013,-0.1525858,0,50,0
6.077,11,25.61,33357.5,2013,-0.1525858,0,50,0
6.077,12,25.23,33297,2011,-0.1525858,0,50,0
6.077,8,28.23,33163,2017,-0.1525858,0,50,0
6.077,9,28.63,33107.5,2012,-0.1525858,0,50,0
6.077,9,25.57,33281.5,2040,-0.1525858,0,50,0
6.077,9,27,33442.5,2036,-0.1525858,0,50,0
6.077,11,27.55,33592,2048,-0.1525858,0,50,0
6.077,11,26.92,33708,2039,-0.1525858,0,50,0
6.077,8,26.24,33735.5,2038,-0.1525858,0,50,0
6.077,13,25.72,33797,2056,-0.1525858,0,50,0
6.077,8,22.89,33998,2056,-0.1525858,0,50,0
6.077,14,23.83,34112,2062,-0.1525858,0,50,0
6.077,8,29.69,33986,2059,-0.1525858,0,50,0
6.077,12,27.36,34024,2062,-0.1525858,0,50,0
6.077,10,24.95,34080.5,2049,-0.1525858,0,50,0
6.077,8,27.5,33986,2036,-0.1525858,0,50,0
6.077,10,28.76,33778.5,2019,-0.1525858,0,50,0
6.077,7,29.81,33424,2006,-0.1525858,0,50,0
6.077,10,25.3,33463.5,2028,-0.1525858,0,50,0
6.077,14,25.12,33531.5,2035,-0.1525858,0,50,0
6.077,14,26.2,33485.5,2020,-0.1525858,0,50,0
6.077,11,24.49,33588,2024,-0.1525858,0,50,0
6.077,13,22.18,33684.5,2024,-0.1525858,0,50,0
6.077,6,25.1,33584,2014,-0.1525858,0,50,0
6.077,12,24.58,33544,2016,-0.1525858,0,50,0
6.077,11,19.57,33774.5,2051,-0.1525858,0,50,0
6.077,7,26.1,33737,2041,-0.1525858,0,50,0
6.077,9,25.02,33773,2024,-0.1525858,0,50,0
6.077,12,22.86,33864.5,2046,-0.1525858,0,50,0
6.077,13,23.63,33900,2042,-0.1525858,0,50,0
6.077,10,24.06,33986,2056,-0.1525858,0,50,0
6.077,9,23.81,34069.5,2049,-0.1525858,0,50,0
6.077,5,26.67,34001,2042,-0.1525858,0,50,0
6.077,11,25.11,33979.5,2045,-0.1525858,0,50,0
6.077,8,27.29,33880.5,2049,-0.1525858,0,50,0
6.077,9,27.62,33791,2029,-0.1525858,0,50,0
6.077,13,24.37,33839.5,2035,-0.1525858,0,50,0
6.077,3,31.28,33444.5,1993,-0.1525858,0,50,0
6.077,8,29.83,33154,2000,-0.1525858,0,50,0
6.077,13,26.96,33025,1997,-0.1525858,0,50,0
6.077,12,25.85,33040.5,2016,-0.1525858,0,50,0
6.077,10,25.27,33163.5,2012,-0.1525858,0,50,0
6.077,9,24.31,33446,2044,-0.1525858,0,50,0
6.077,8,29.04,33492.5,2040,-0.1525858,0,50,0
6.077,8,26.21,33705,2066,-0.1525858,0,50,0
6.077,11,25.25,33944.5,2046,-0.1525858,0,50,0
6.077,9,27.58,33909.5,2033,-0.1525858,0,50,0
6.077,9,27.09,33814,2033,-0.1525858,0,50,0
6.077,5,29.4,33596,2040,-0.1525858,0,50,0
6.077,10,28.67,33457.5,2032,-0.1525858,0,50,0
6.077,11,26.91,33557.5,2038,-0.1525858,0,50,0
6.077,13,27.45,33640,2045,-0.1525858,0,50,0
6.077,10,27.44,33699.5,2047,-0.1525858,0,50,0
6.077,15,25.67,33814,2031,-0.1525858,0,50,0
6.077,12,23.03,33928,2045,-0.1525858,0,50,0
6.077,9,23.68,34098.5,2080,-0.1525858,0,50,0
6.077,4,30.43,33902.5,2053,-0.1525858,0,50,0
6.077,12,26.97,33952.5,2046,-0.1525858,0,50,0
6.077,5,28.68,33844.5,2027,-0.1525858,0,50,0
6.077,7,28.8,33634,2046,-0.1525858,0,50,0
6.077,11,23.64,33783,2047,-0.1525858,0,50,0
6.077,10,24.58,33977.5,2066,-0.1525858,0,50,0
6.077,9,29.34,33876.5,2051,-0.1525858,0,50,0
6.077,6,28.02,33773,2035,-0.1525858,0,50,0
6.077,9,27.82,33687.5,2024,-0.1525858,0,50,0
6.077,11,26.57,33571,2014,-0.1525858,0,50,0
6.077,7,27.87,33523.5,2045,-0.1525858,0,50,0
6.077,8,26.56,33581,2042,-0.1525858,0,50,0
6.077,5,25.05,33615,2026,-0.1525858,0,50,0
6.077,11,25.76,33743.5,2050,-0.1525858,0,50,0
6.077,15,22.31,33970.5,2052,-0.1525858,0,50,0
6.077,8,28.43,33781.5,2023,-0.1525858,0,50,0
6.077,9,29.21,33628.5,2029,-0.1525858,0,50,0
6.077,10,24.28,33606,2025,-0.1525858,0,50,0
6.077,9,24.73,33467,2001,-0.1525858,0,50,0
6.077,13,26.34,33337.5,2012,-0.1525858,0,50,0
6.077,14,25.77,33350,2033,-0.1525858,0,50,0
6.077,8,26.8,33398.5,2041,-0.1525858,0,50,0
6.077,7,27.14,33563.5,2054,-0.1525858,0,50,0
6.077,15,24.34,33864.5,2057,-0.1525858,0,50,0
6.077,8,28.42,33811.5,2027,-0.1525858,0,50,0
6.077,11,23.97,33838,2030,-0.1525858,0,50,0
6.077,9,28.71,33494,2009,-0.1525858,0,50,0
6.077,10,25.03,33493,2029,-0.1525858,0,50,0
6.077,8,25.08,33546,2027,-0.1525858,0,50,0
6.077,12,26,33514,2024,-0.1525858,0,50,0
6.077,12,24.16,33556,2007,-0.1525858,0,50,0
6.077,10,29.33,33249,2002,-0.1525858,0,50,0
6.077,12,23.43,33341,2020,-0.1525858,0,50,0
6.077,11,26.76,33301.5,2022,-0.1525858,0,50,0
6.077,9,28.25,33248.5,2018,-0.1525858,0,50,0
6.077,17,22.45,33522,2025,-0.1525858,0,50,0
6.077,7,30.75,33272,2012,-0.1525858,0,50,0
6.077,11,26.62,33279,2019,-0.1525858,0,50,0
6.077,9,26.06,33244,2009,-0.1525858,0,50,0
6.077,8,27.88,33199,2023,-0.1525858,0,50,0
6.077,8,28.17,33198.5,2023,-0.1525858,0,50,0
6.077,6,27.7,33152,2009,-0.1525858,0,50,0
6.077,12,28.87,33109,2008,-0.1525858,0,50,0
6.077,20,23.91,33283,2022,-0.1525858,0,50,0
6.077,11,22.4,33540,2024,-0.1525858,0,50,0
6.077,13,23.63,33688,2035,-0.1525858,0,50,0
6.077,12,22.74,33778.5,2020,-0.1525858,0,50,0
6.077,7,27.31,33629,2029,-0.1525858,0,50,0
6.077,9,29.13,33357.5,2009,-0.1525858,0,50,0
6.077,10,25.76,33252,2015,-0.1525858,0,50,0