"","variableValue","K","unsatisfied","Payoffs","TotalBM","GreenPatches","beta.i","k.i","numLoggers","numCheaters","param","depleted","lowK"
"1","0",12.69,37,-9.54,0.120999132267262,0.261822376009227,0.451496298801515,14.05,1,32,"monitoring",FALSE,FALSE
"2","0",8.53,31,-18.485,0.0679056824111114,0.185313341022684,0.568169504012401,18.27,1,20,"monitoring",TRUE,TRUE
"3","0",12.34,41,-11.805,0.120133495446763,0.264898116109189,0.465281101526903,14.25,1,28,"monitoring",FALSE,FALSE
"4","0",12.26,41,-10.26,0.117568678239645,0.259131103421761,0.483467778454291,14.04,1,29,"monitoring",FALSE,FALSE
"5","0",12.71,47,-16.175,0.127806541544282,0.272971933871588,0.473175938895137,12.8,1,23,"monitoring",FALSE,FALSE
"6","0",8.31,32,-19.86,0.0615107466766058,0.173010380622837,0.441474634404422,17.13,1,16,"monitoring",TRUE,TRUE
"7","0",8.12,22,-19.72,0.0580378339205838,0.171856978085352,0.540393666817202,18.03,1,15,"monitoring",TRUE,TRUE
"8","0",12.87,45,-16.03,0.121938901207194,0.253748558246828,0.418608460220893,12.92,1,38,"monitoring",FALSE,FALSE
"9","0",8.2,29,-26.295,0.0441884712774937,0.134179161860823,0.556765519799237,18.96,1,17,"monitoring",TRUE,TRUE
"10","0",0,33,-45.715,0.00136121767108031,0.00768935024990388,0.478490273771147,7.65,1,0,"monitoring",TRUE,TRUE
"11","0",7.98,24,-27.545,0.0436773075971294,0.142252979623222,0.436285388650228,16.55,1,10,"monitoring",TRUE,TRUE
"12","0",12.4,35,-9.705,0.106361436262162,0.249134948096886,0.587527464635542,16.41,1,43,"monitoring",FALSE,FALSE
"13","0",8.05,21,-23.615,0.0523705342714367,0.161476355247982,0.437282467415634,18.38,1,12,"monitoring",TRUE,TRUE
"14","0",7.83,26,-27.615,0.0471979703007238,0.147251057285659,0.55377470540191,16.99,1,17,"monitoring",TRUE,TRUE
"15","0",7.86,28,-26.85,0.0466007816584103,0.146097654748174,0.570961940285657,18.67,1,12,"monitoring",TRUE,TRUE
"16","0",0,28,-46.37,0.00239128291095553,0.0130718954248366,0.395891461323892,7.07,1,0,"monitoring",TRUE,TRUE
"17","0",12.39,35,-9.1,0.121906678592725,0.265282583621684,0.42133610318664,14.02,1,27,"monitoring",FALSE,FALSE
"18","0",7.88,28,-30.76,0.0460345382919155,0.144559784698193,0.542679672921219,17.38,1,14,"monitoring",TRUE,TRUE
"19","0",12.67,44,-11.365,0.141666253777932,0.292964244521338,0.387593002818351,10.94,1,32,"monitoring",FALSE,FALSE
"20","0",8.31,26,-24.93,0.0511674118231495,0.150711264898116,0.549898113122395,17.99,1,18,"monitoring",TRUE,TRUE
"21","0",12.28,39,-10.445,0.117444901008592,0.255670895809304,0.413357129540069,12.3,1,40,"monitoring",FALSE,FALSE
"22","0",7.87,18,-27.29,0.0464914455740144,0.150326797385621,0.518318622181304,17.28,1,11,"monitoring",TRUE,TRUE
"23","0",7.69,27,-23.005,0.0455448495082944,0.143021914648212,0.413330996590063,15.78,1,20,"monitoring",TRUE,TRUE
"24","0",12.03,49,-14.775,0.127881040892193,0.279507881584006,0.442608023825595,12.94,1,27,"monitoring",FALSE,FALSE
"25","0",12.25,46,-12.51,0.12706527376454,0.279507881584006,0.486875113541258,14.8,1,26,"monitoring",FALSE,FALSE
"26","0",7.91,35,-27.93,0.0483597778165243,0.152633602460592,0.514705545085004,17.81,1,15,"monitoring",TRUE,TRUE
"27","0",12.34,38,-10.885,0.124055975122168,0.264513648596694,0.436224970863083,13.64,1,38,"monitoring",FALSE,FALSE
"28","0",12.74,29,-6.455,0.130200384028359,0.281814686658977,0.373163958697462,13.79,1,34,"monitoring",FALSE,FALSE
"29","0",0,35,-46.63,0.00179166874035734,0.00961168781237985,0.570045359233518,8.91,1,0,"monitoring",TRUE,TRUE
"30","0",11.9,32,-9.435,0.105365707434053,0.239138792772011,0.471890022597922,15.34,1,36,"monitoring",FALSE,FALSE
"31","0",13.29,41,-3.09,0.141377344930984,0.296039984621299,0.518296558940431,13.43,1,37,"monitoring",FALSE,FALSE
"32","0",13.14,39,-8.92,0.13222349313706,0.277201076509035,0.383977816697739,12.6,1,30,"monitoring",FALSE,FALSE
"33","0",12.73,35,-9.235,0.137132270658742,0.291041906958862,0.482322998107795,14.42,1,27,"monitoring",FALSE,FALSE
"34","0",12.5,42,-7.56,0.128664374242387,0.280276816608997,0.50887759341153,15.55,1,40,"monitoring",FALSE,FALSE
"35","0",7.75,22,-25.37,0.0488864142538976,0.149942329873126,0.375838816367459,17.66,1,10,"monitoring",TRUE,TRUE
"36","0",7.77,25,-27.215,0.0524213555621713,0.15916955017301,0.472545747468829,18.84,1,17,"monitoring",TRUE,TRUE
"37","0",13.21,31,-6.51,0.143486948919695,0.295271049596309,0.482021660874981,15.33,1,36,"monitoring",FALSE,FALSE
"38","0",12.5,36,-6.46,0.138097716962891,0.287581699346405,0.457298133842325,13.2,1,27,"monitoring",FALSE,FALSE
"39","0",8.51,22,-25.14,0.056263584271883,0.164552095347943,0.594147819661095,17.39,1,20,"monitoring",TRUE,TRUE
"40","0",12.62,39,-8.955,0.128123602762184,0.287581699346405,0.450809128309347,13.04,1,32,"monitoring",FALSE,FALSE
"41","0",12.49,34,-11.24,0.119490768314473,0.249519415609381,0.438959430597561,15.24,1,32,"monitoring",FALSE,FALSE
"42","0",11.76,38,-14.05,0.103867184600539,0.241830065359477,0.295421953200543,9.82,1,31,"monitoring",FALSE,FALSE
"43","0",12.66,37,-3.255,0.130929720910686,0.286043829296424,0.48655332984848,14.45,1,29,"monitoring",FALSE,FALSE
"44","0",8.62,24,-23.2,0.0685466809368544,0.191849288735102,0.590644590208713,18.02,1,21,"monitoring",TRUE,TRUE
"45","0",13,39,-5.755,0.146427778736837,0.300269127258747,0.38146335806666,12.89,1,33,"monitoring",FALSE,FALSE
"46","0",7.79,28,-25.25,0.0474710857931987,0.145328719723183,0.462614591631528,17.11,1,17,"monitoring",TRUE,TRUE
"47","0",12.54,42,-9.785,0.128984826768151,0.271049596309112,0.46808267426173,13.09,1,34,"monitoring",FALSE,FALSE
"48","0",12.63,38,-3.175,0.134890253299858,0.281430219146482,0.376702364646199,11.89,1,37,"monitoring",FALSE,FALSE
"49","0",13.44,52,-11.91,0.138099136647812,0.294117647058824,0.375596497709118,12.59,1,47,"monitoring",FALSE,FALSE
"50","0",13.06,41,-11.685,0.136737525395174,0.283737024221453,0.416106258536859,10.51,1,29,"monitoring",FALSE,FALSE
"51","10",12.14,34,-10.625,0.139381135827016,0.293733179546328,0.471409023766202,12.51,1,26,"monitoring",FALSE,FALSE
"52","10",12.8,42,-10.54,0.130880999178962,0.282199154171473,0.465830048038272,14.6,1,30,"monitoring",FALSE,FALSE
"53","10",12.14,46,-15.72,0.118874139135642,0.259900038446751,0.422195972875339,12.02,1,33,"monitoring",FALSE,FALSE
"54","10",12.8,42,-7.88,0.12269224097341,0.264513648596694,0.464469158563496,13.42,1,34,"monitoring",FALSE,FALSE
"55","10",11.27,31,-9.345,0.108528473578794,0.24721261053441,0.440385277552149,15.8,1,33,"monitoring",FALSE,FALSE
"56","10",13.05,41,-5.29,0.147496784406847,0.294502114571319,0.425454781787852,12.89,1,40,"monitoring",FALSE,FALSE
"57","10",7.81,23,-26,0.044565486506561,0.141484044598231,0.468831851614794,16.86,1,17,"monitoring",TRUE,TRUE
"58","10",11.56,41,-10.755,0.118535548304163,0.262975778546713,0.341069198388378,13.27,1,27,"monitoring",FALSE,FALSE
"59","10",12.97,41,-12.71,0.124255583126551,0.274125336409073,0.50619366664885,14.48,1,32,"monitoring",FALSE,FALSE
"60","10",13.27,41,-6.44,0.146251831251707,0.297193387158785,0.478148390686488,14.06,1,34,"monitoring",FALSE,FALSE
"61","10",7.71,21,-26.575,0.0438830444016398,0.133794694348328,0.584778430883084,17.87,1,15,"monitoring",TRUE,TRUE
"62","10",11.98,40,-9.255,0.111705412950565,0.259515570934256,0.401447525702398,13.25,1,26,"monitoring",FALSE,FALSE
"63","10",13.15,41,-9.405,0.158581996921702,0.31603229527105,0.464747855927478,12.97,1,31,"monitoring",FALSE,FALSE
"64","10",7.95,30,-24.465,0.0432789085215835,0.139946174548251,0.53390775811728,17.15,1,12,"monitoring",TRUE,TRUE
"65","10",12.98,37,-5.62,0.126865486330113,0.271818531334102,0.500597990205463,17.24,1,23,"monitoring",FALSE,FALSE
"66","10",11.62,42,-12.2,0.113065577038071,0.25682429834679,0.392850056681772,13.5,1,21,"monitoring",FALSE,FALSE
"67","10",13.2,32,-1.985,0.143489902655089,0.288735101883891,0.506462723726644,15.22,1,34,"monitoring",FALSE,FALSE
"68","10",13.24,37,-5.875,0.137479521421834,0.281814686658977,0.441144196126,14.07,1,33,"monitoring",FALSE,FALSE
"69","10",11.19,34,-14.015,0.109547976217131,0.24721261053441,0.455445585144636,16.93,1,27,"monitoring",FALSE,FALSE
"70","10",12.35,42,-9.055,0.127215111221573,0.269896193771626,0.393392785238427,13.62,1,33,"monitoring",FALSE,FALSE
"71","10",7.75,27,-26.245,0.0538424988121139,0.165705497885429,0.628025112689574,17.76,1,12,"monitoring",TRUE,TRUE
"72","10",8.39,30,-22.74,0.0539101579911842,0.158785082660515,0.548261079339196,17.04,1,15,"monitoring",TRUE,TRUE
"73","10",12.63,38,-5.78,0.139846031981781,0.298346789696271,0.41991354391851,11.98,1,35,"monitoring",FALSE,FALSE
"74","10",12.69,38,-9.4,0.132082495718859,0.280661284121492,0.478609233299157,13.39,1,18,"monitoring",FALSE,FALSE
"75","10",12.86,41,-9.85,0.134913186297513,0.292964244521338,0.447867720532491,13.71,1,33,"monitoring",FALSE,FALSE
"76","10",7.74,33,-29.62,0.0456919386276176,0.143790849673203,0.509334941239775,17.84,1,16,"monitoring",TRUE,TRUE
"77","10",12.79,39,-3.16,0.132339901477833,0.286812764321415,0.447123760656621,12.48,1,33,"monitoring",FALSE,FALSE
"78","10",11.32,42,-14.235,0.0933775161976359,0.221453287197232,0.388774009544456,15.17,1,32,"monitoring",TRUE,FALSE
"79","10",13.91,46,-5.27,0.14130597200777,0.296424452133795,0.52901659520775,14.42,1,38,"monitoring",FALSE,FALSE
"80","10",12.89,47,-8.895,0.139627626430049,0.295271049596309,0.52973440655706,16.04,1,32,"monitoring",FALSE,FALSE
"81","10",13.18,34,-4.27,0.143653304334932,0.293348712033833,0.380287627050098,12.3,1,28,"monitoring",FALSE,FALSE
"82","10",12.35,41,-10.405,0.121458649988787,0.274125336409073,0.463196564286876,16.15,1,29,"monitoring",FALSE,FALSE
"83","10",8.42,22,-25.655,0.04961367419443,0.149942329873126,0.491132140716812,18.46,1,13,"monitoring",TRUE,TRUE
"84","10",11.99,39,-7.42,0.115509505986169,0.251057285659362,0.367499761456131,12.29,1,29,"monitoring",FALSE,FALSE
"85","10",11.2,35,-7.295,0.112154297652209,0.269127258746636,0.410341960026662,12.94,1,25,"monitoring",FALSE,FALSE
"86","10",12.85,41,-10.655,0.141131137352393,0.301038062283737,0.355244545189874,10.34,1,37,"monitoring",FALSE,FALSE
"87","10",7.86,29,-25.545,0.0459201345934979,0.137254901960784,0.637730611965081,18.18,1,14,"monitoring",TRUE,TRUE
"88","10",11.56,29,-10.94,0.12428419147723,0.278354479046521,0.328084448080577,9.38,1,30,"monitoring",FALSE,FALSE
"89","10",7.92,32,-26.11,0.0478104558845558,0.145328719723183,0.491849074864469,17.74,1,8,"monitoring",TRUE,TRUE
"90","10",8.06,27,-23.21,0.0559316128711147,0.164552095347943,0.534070962377528,18.09,1,12,"monitoring",TRUE,TRUE
"91","10",12.51,39,-5.37,0.129633770622143,0.284505959246444,0.443918084493006,14,1,23,"monitoring",FALSE,FALSE
"92","10",10.11,34,-13.815,0.0818760727345091,0.201845444059977,0.415685127529698,12.99,1,26,"monitoring",TRUE,TRUE
"93","10",12.78,42,-10.155,0.128330682044144,0.273356401384083,0.438775100927059,16.28,1,25,"monitoring",FALSE,FALSE
"94","10",12.25,45,-8.225,0.121073948911639,0.271434063821607,0.461520820417122,14.77,1,28,"monitoring",FALSE,FALSE
"95","10",7.77,26,-28.905,0.0420091891220663,0.135717031910804,0.530202690587608,15.49,1,11,"monitoring",TRUE,TRUE
"96","10",13.27,40,-6.895,0.151679952320644,0.31680123029604,0.464404670561399,13.55,1,29,"monitoring",FALSE,FALSE
"97","10",7.77,27,-26.85,0.0442168404808721,0.13840830449827,0.571791024746211,16.98,1,9,"monitoring",TRUE,TRUE
"98","10",7.72,25,-31.17,0.043599211596517,0.134179161860823,0.461814830857463,17.25,1,18,"monitoring",TRUE,TRUE
"99","10",11.9,31,-13.21,0.104811720667344,0.23683198769704,0.436762355548928,14.68,1,31,"monitoring",FALSE,FALSE
"100","10",12.2,52,-10.335,0.125170743822178,0.273356401384083,0.493805992460356,15.97,1,34,"monitoring",FALSE,FALSE
"101","20",13.03,48,-7.495,0.160582495418297,0.32641291810842,0.439023907836529,12.8,1,24,"monitoring",FALSE,FALSE
"102","20",12.82,34,-5.135,0.137680440498041,0.294117647058824,0.469426949364323,15.05,1,21,"monitoring",FALSE,FALSE
"103","20",13.43,54,-9.405,0.130787957074722,0.266051518646674,0.539310253963913,14.4,1,30,"monitoring",FALSE,FALSE
"104","20",8.8,26,-20.355,0.0574817743729149,0.168396770472895,0.497886801616971,16.98,1,13,"monitoring",TRUE,TRUE
"105","20",12.81,49,-7.45,0.12736116941159,0.276432141484045,0.514480140943386,14.89,1,25,"monitoring",FALSE,FALSE
"106","20",7.88,21,-25.43,0.0492472793988288,0.144559784698193,0.535571923797252,17.97,1,10,"monitoring",TRUE,TRUE
"107","20",8.01,28,-24.21,0.0624072608566624,0.180699730872741,0.493185427774639,18.07,1,12,"monitoring",TRUE,TRUE
"108","20",12.55,42,-5.965,0.138858520101377,0.293348712033833,0.445179399074483,13.86,1,23,"monitoring",FALSE,FALSE
"109","20",13.27,39,-2.23,0.149986320789912,0.305267204921184,0.490008184835746,14.64,1,27,"monitoring",FALSE,FALSE
"110","20",12.41,37,-11.175,0.117605685940623,0.264898116109189,0.452647687557255,13.44,1,23,"monitoring",FALSE,FALSE
"111","20",12.5,37,-2.34,0.136566001335609,0.296424452133795,0.4677069723028,13.98,1,33,"monitoring",FALSE,FALSE
"112","20",12.99,34,-8.44,0.130735930735931,0.276432141484045,0.431646152302736,13.84,1,21,"monitoring",FALSE,FALSE
"113","20",12.77,41,-5.915,0.139862644828183,0.302191464821223,0.473052376790589,13.78,1,23,"monitoring",FALSE,FALSE
"114","20",7.8,26,-27.83,0.0458064356558087,0.140330642060746,0.478431146058181,14.61,1,9,"monitoring",TRUE,TRUE
"115","20",12.73,38,-4.745,0.138778629718202,0.299500192233756,0.443827855787184,14.67,1,26,"monitoring",FALSE,FALSE
"116","20",11.65,39,-8.97,0.117706685126582,0.263360246059208,0.412758574046451,14.43,1,20,"monitoring",FALSE,FALSE
"117","20",13.69,57,-4.36,0.160920110056267,0.316416762783545,0.44501859755181,13.1,1,43,"monitoring",FALSE,FALSE
"118","20",12.45,31,-9.68,0.126111540090169,0.270665128796617,0.540092178337986,14.8,1,24,"monitoring",FALSE,FALSE
"119","20",12.58,37,-3.855,0.139803610394763,0.298346789696271,0.456179133341551,13.58,1,31,"monitoring",FALSE,FALSE
"120","20",12.88,32,-4.86,0.147669743895176,0.312572087658593,0.527287263819689,14.83,1,25,"monitoring",FALSE,FALSE
"121","20",7.74,27,-27.075,0.0459111715947049,0.148404459823145,0.376586213553461,14.09,1,12,"monitoring",TRUE,TRUE
"122","20",11.78,45,-12.32,0.118986006079944,0.263360246059208,0.425113710795648,14.69,1,21,"monitoring",FALSE,FALSE
"123","20",12.47,41,-12.145,0.127296392711045,0.280276816608997,0.387365267315104,12.36,1,24,"monitoring",FALSE,FALSE
"124","20",12.58,39,-8.08,0.143772418058132,0.299115724721261,0.478772695450423,14.79,1,20,"monitoring",FALSE,FALSE
"125","20",13.27,37,-2.99,0.15759112835049,0.32641291810842,0.454205980413399,11.51,1,27,"monitoring",FALSE,FALSE
"126","20",11.77,35,-6.345,0.120857531199802,0.274125336409073,0.412936652037853,14.03,1,19,"monitoring",FALSE,FALSE
"127","20",8.09,25,-24.54,0.0524063507814438,0.163398692810458,0.484355407904837,16.57,1,13,"monitoring",TRUE,TRUE
"128","20",12.71,46,-7.88,0.140594181459566,0.291041906958862,0.439868581520338,14.47,1,23,"monitoring",FALSE,FALSE
"129","20",8.56,29,-22.61,0.0615941131290107,0.174548250672818,0.550316819225639,16.6,1,19,"monitoring",TRUE,TRUE
"130","20",14.47,52,-2.265,0.165822190365555,0.323337178008458,0.450394277437514,14.88,1,47,"monitoring",FALSE,FALSE
"131","20",8.39,24,-21.43,0.0543723781865118,0.164167627835448,0.542804148466576,16.38,1,10,"monitoring",TRUE,TRUE
"132","20",12.81,52,-10.44,0.138511678435633,0.300653594771242,0.436277619124563,13.07,1,20,"monitoring",FALSE,FALSE
"133","20",7.74,27,-26.035,0.0471463402497885,0.153018069973087,0.533358205265966,15.94,1,11,"monitoring",TRUE,TRUE
"134","20",12.03,38,-5.495,0.126286678076246,0.273740868896578,0.483176985388442,14.82,1,34,"monitoring",FALSE,FALSE
"135","20",13.15,45,-7.12,0.154131882329557,0.313725490196078,0.519364336322001,13.58,1,23,"monitoring",FALSE,FALSE
"136","20",12.61,35,-8.555,0.14245471842645,0.302960399846213,0.49456037837586,13.65,1,26,"monitoring",FALSE,FALSE
"137","20",13.14,44,-6.225,0.14576751822094,0.293733179546328,0.479941560458038,13.94,1,28,"monitoring",FALSE,FALSE
"138","20",12.68,42,-9.825,0.137141650519203,0.292964244521338,0.419433072729742,12.15,1,29,"monitoring",FALSE,FALSE
"139","20",11.66,41,-10.335,0.112785320005967,0.255670895809304,0.40706471170762,14.58,1,18,"monitoring",FALSE,FALSE
"140","20",8,33,-25.58,0.0541799490943238,0.168396770472895,0.529088589906477,18.29,1,16,"monitoring",TRUE,TRUE
"141","20",12.34,47,-9.945,0.131470056245199,0.291426374471357,0.470109003037907,16.85,1,20,"monitoring",FALSE,FALSE
"142","20",13.02,44,-6.815,0.136654512984597,0.279123414071511,0.468560497663475,16.25,1,28,"monitoring",FALSE,FALSE
"143","20",8.26,32,-19.675,0.05993631999204,0.169165705497885,0.403773486269061,16.62,1,6,"monitoring",TRUE,TRUE
"144","20",12.45,37,-8.22,0.126470078486717,0.288735101883891,0.414832437697819,13.28,1,36,"monitoring",FALSE,FALSE
"145","20",12.31,37,-8.99,0.132267622818157,0.27681660899654,0.485962586378216,15.17,1,22,"monitoring",FALSE,FALSE
"146","20",12.69,45,-7.7,0.144375356107712,0.301422529796232,0.416908317237692,11.51,1,29,"monitoring",FALSE,FALSE
"147","20",7.94,25,-29.495,0.0443247108721919,0.136485966935794,0.491210562351488,18.46,1,9,"monitoring",TRUE,TRUE
"148","20",8.23,23,-27.165,0.0527606134140545,0.158016147635525,0.481257331794185,17.28,1,11,"monitoring",TRUE,TRUE
"149","20",12.89,40,-8.235,0.140501204579887,0.293733179546328,0.497772293629404,14.4,1,21,"monitoring",FALSE,FALSE
"150","20",12.04,40,-11.11,0.131084289671547,0.286812764321415,0.495866760920907,15.48,1,23,"monitoring",FALSE,FALSE
"151","30",8.35,39,-25.92,0.0554858857086653,0.164167627835448,0.440950649083341,17.22,1,9,"monitoring",TRUE,TRUE
"152","30",12.69,37,-3.465,0.135915702725513,0.281814686658977,0.508680068081997,14.63,1,24,"monitoring",FALSE,FALSE
"153","30",12.19,33,-2.965,0.133285284688222,0.281045751633987,0.462948804904282,13.85,1,24,"monitoring",FALSE,FALSE
"154","30",10.74,40,-13.365,0.101924270639354,0.245290272971934,0.441240428251998,14.34,1,12,"monitoring",FALSE,FALSE
"155","30",13.2,40,-5.145,0.152958188935152,0.307574009996155,0.507420980301711,14.78,1,20,"monitoring",FALSE,FALSE
"156","30",13.23,46,-3.755,0.140815822002472,0.301038062283737,0.372824921677554,10.66,1,23,"monitoring",FALSE,FALSE
"157","30",13.31,51,-10.785,0.149996267821154,0.302191464821223,0.589158062504073,17.92,1,24,"monitoring",FALSE,FALSE
"158","30",11.78,47,-14.69,0.113614941958528,0.261053440984237,0.365149052763409,13.2,1,23,"monitoring",FALSE,FALSE
"159","30",7.98,26,-24.865,0.0509223721678841,0.160707420222991,0.518341517354844,16.75,1,8,"monitoring",TRUE,TRUE
"160","30",12.84,38,-8.745,0.145112408396472,0.302960399846213,0.455879324963973,11.72,1,25,"monitoring",FALSE,FALSE
"161","30",8.06,18,-25.535,0.048341138283902,0.146097654748174,0.486278908363575,17.25,1,6,"monitoring",TRUE,TRUE
"162","30",12.33,36,-6.395,0.134487119089534,0.294117647058824,0.395335598330692,13.2,1,12,"monitoring",FALSE,FALSE
"163","30",7.69,34,-29.04,0.0599798014631623,0.166474432910419,0.530067495087605,16.5,1,10,"monitoring",TRUE,TRUE
"164","30",11.23,31,-9.165,0.110991910821742,0.25836216839677,0.469402785840404,15.2,1,17,"monitoring",FALSE,FALSE
"165","30",12.33,46,-7.99,0.114149881146003,0.251441753171857,0.552051638609648,16.25,1,16,"monitoring",FALSE,FALSE
"166","30",7.9,24,-26.83,0.0430505685218432,0.136870434448289,0.487659752563202,17.22,1,13,"monitoring",TRUE,TRUE
"167","30",12.34,41,-6.58,0.12013331687446,0.265667051134179,0.510972517670526,15.43,1,24,"monitoring",FALSE,FALSE
"168","30",7.86,24,-25.555,0.0448944538484517,0.142252979623222,0.390861237329099,14.21,1,6,"monitoring",TRUE,TRUE
"169","30",12.51,39,-6.195,0.144480559759819,0.28642829680892,0.523418108658836,15.56,1,18,"monitoring",FALSE,FALSE
"170","30",11.81,39,-6.76,0.113210101407896,0.246059207996924,0.478357954116798,14.19,1,25,"monitoring",FALSE,FALSE
"171","30",12.35,35,-11.495,0.125123762376238,0.271049596309112,0.478830579980636,15.51,1,31,"monitoring",FALSE,FALSE
"172","30",12.6,50,-4.905,0.142465753424658,0.302191464821223,0.441858452964428,12.65,1,16,"monitoring",FALSE,FALSE
"173","30",13.04,36,0.685,0.151330874289702,0.315263360246059,0.454629690152755,13.52,1,20,"monitoring",FALSE,FALSE
"174","30",12.37,41,-8.695,0.130168014934661,0.274509803921569,0.409394238914578,13.35,1,17,"monitoring",FALSE,FALSE
"175","30",10.91,37,-18.765,0.0969916627495609,0.234140715109573,0.410582410198456,12.43,1,23,"monitoring",TRUE,FALSE
"176","30",12.36,31,-5.505,0.136955657188308,0.29757785467128,0.437767747899073,12.66,1,21,"monitoring",FALSE,FALSE
"177","30",12.83,39,-3.885,0.144789903415314,0.301806997308727,0.422695512719403,13.34,1,14,"monitoring",FALSE,FALSE
"178","30",7.99,30,-26.115,0.0446005311359857,0.140330642060746,0.542642549809195,17.44,1,5,"monitoring",TRUE,TRUE
"179","30",11.02,39,-12,0.121713525367765,0.269127258746636,0.438698125413146,16.42,1,19,"monitoring",FALSE,FALSE
"180","30",12.53,40,-2.44,0.136305021698698,0.280661284121492,0.41343762956417,12.68,1,27,"monitoring",FALSE,FALSE
"181","30",8.04,38,-27.82,0.0517579823580569,0.156862745098039,0.482640513399255,17.82,1,11,"monitoring",TRUE,TRUE
"182","30",12.74,54,-9.72,0.13234821318165,0.281045751633987,0.472674832097776,15.17,1,15,"monitoring",FALSE,FALSE
"183","30",11.78,30,-9.315,0.12002667259391,0.273356401384083,0.345400776390063,13.04,1,20,"monitoring",FALSE,FALSE
"184","30",13.14,41,-3.41,0.145367924761176,0.301422529796232,0.481784067453398,14.71,1,24,"monitoring",FALSE,FALSE
"185","30",14.82,56,3.91,0.176093588544998,0.339484813533256,0.497081743074625,14.33,1,33,"monitoring",FALSE,FALSE
"186","30",12.82,54,-9.265,0.141319461687441,0.300269127258747,0.53881754039489,15.56,1,12,"monitoring",FALSE,FALSE
"187","30",7.87,17,-22.66,0.0514131462407324,0.151864667435602,0.510773420417082,16.55,1,11,"monitoring",TRUE,TRUE
"188","30",13.05,36,-4.3,0.159717934151703,0.324875048058439,0.516805661926054,13.38,1,27,"monitoring",FALSE,FALSE
"189","30",10.77,34,-15.28,0.0936553641463536,0.22798923490965,0.41760534017932,15.03,1,16,"monitoring",TRUE,FALSE
"190","30",12.08,36,-3.91,0.138140843679806,0.291041906958862,0.475075873565359,11.66,1,19,"monitoring",FALSE,FALSE
"191","30",12.2,38,-5.255,0.135691749683253,0.299884659746251,0.505217039071058,13.58,1,18,"monitoring",FALSE,FALSE
"192","30",12.72,44,-10.37,0.135114179235137,0.290272971933872,0.338420600002172,10.13,1,23,"monitoring",FALSE,FALSE
"193","30",8.01,25,-22.63,0.0551374102500619,0.170319108035371,0.626429367092868,18.57,1,15,"monitoring",TRUE,TRUE
"194","30",13.28,51,-13.215,0.144403569386791,0.285274894271434,0.474270036595865,14.1,1,19,"monitoring",FALSE,FALSE
"195","30",12.4,42,-11.435,0.127042014287855,0.274125336409073,0.472651751745824,13.65,1,24,"monitoring",FALSE,FALSE
"196","30",13.05,35,-0.78,0.151781944616913,0.311803152633602,0.496083130219244,12.77,1,18,"monitoring",FALSE,FALSE
"197","30",12.62,39,-3.06,0.127941103931337,0.280661284121492,0.42088060389385,14.08,1,26,"monitoring",FALSE,FALSE
"198","30",12.87,49,-7.325,0.132809401031337,0.282583621683968,0.416144297502183,11.54,1,16,"monitoring",FALSE,FALSE
"199","30",13.15,36,0.42,0.172589965526649,0.328719723183391,0.478646256691269,14.69,1,17,"monitoring",FALSE,FALSE
"200","30",11.99,42,-10.26,0.119868637110016,0.267589388696655,0.428887455458214,15.95,1,20,"monitoring",FALSE,FALSE
"201","40",7.67,20,-26.83,0.0476278679212665,0.14801999231065,0.456835933745856,17.71,1,9,"monitoring",TRUE,TRUE
"202","40",12.13,37,-4.005,0.141254279872897,0.304498269896194,0.427019324152528,10.94,1,16,"monitoring",FALSE,FALSE
"203","40",8,36,-28.5,0.0572033898305085,0.164936562860438,0.593387260898822,18.42,1,4,"monitoring",TRUE,TRUE
"204","40",11.7,48,-8.345,0.127728334907771,0.283737024221453,0.44507097991784,11.84,1,18,"monitoring",FALSE,FALSE
"205","40",12.37,55,-15.16,0.132282937472108,0.287581699346405,0.489852580397385,15.63,1,18,"monitoring",FALSE,FALSE
"206","40",8.42,25,-26,0.0593086028428508,0.1680123029604,0.552429982140116,17.43,1,12,"monitoring",TRUE,TRUE
"207","40",13.23,34,0.74,0.168498801907068,0.34640522875817,0.574184662648179,13.47,1,15,"monitoring",FALSE,FALSE
"208","40",12.86,38,-0.56,0.152208904957654,0.309111880046136,0.538704430739152,14.7,1,19,"monitoring",FALSE,FALSE
"209","40",11.87,28,-2.01,0.136700913242009,0.299884659746251,0.436218173327286,12.73,1,10,"monitoring",FALSE,FALSE
"210","40",12.11,46,-5.21,0.118470658266779,0.261053440984237,0.386152657680686,12.42,1,22,"monitoring",FALSE,FALSE
"211","40",12.93,36,-2.535,0.145488899385923,0.312187620146098,0.459321094315937,12.87,1,19,"monitoring",FALSE,FALSE
"212","40",11.61,33,-5.125,0.12566183383641,0.273356401384083,0.572382285184579,16.41,1,19,"monitoring",FALSE,FALSE
"213","40",12.55,37,-3.895,0.142658177477119,0.301422529796232,0.423900068785355,12.4,1,19,"monitoring",FALSE,FALSE
"214","40",8.42,19,-20.64,0.0613250773993808,0.176086120722799,0.621020142483947,18.62,1,6,"monitoring",TRUE,TRUE
"215","40",10.86,43,-17.7,0.0971942892613284,0.241830065359477,0.448614647011962,13.66,1,14,"monitoring",TRUE,FALSE
"216","40",10.93,40,-15.785,0.0994870142743854,0.239907727797001,0.342596056700367,13.59,1,12,"monitoring",TRUE,FALSE
"217","40",11.5,50,-12.535,0.12012019469554,0.265282583621684,0.509321864518626,16.57,1,11,"monitoring",FALSE,FALSE
"218","40",7.74,32,-26.01,0.0505440158259149,0.158016147635525,0.485738166823549,17.73,1,5,"monitoring",TRUE,TRUE
"219","40",13.07,27,7.115,0.164111991652796,0.335640138408304,0.390961674928678,11.07,1,18,"monitoring",FALSE,FALSE
"220","40",7.86,28,-26.715,0.0523700022253542,0.160322952710496,0.455489092006048,16.78,1,8,"monitoring",TRUE,TRUE
"221","40",11.86,42,-10.04,0.123782327053355,0.271049596309112,0.430342071650529,14.56,1,17,"monitoring",FALSE,FALSE
"222","40",11.32,38,-15.31,0.114454694241928,0.257208765859285,0.426724335477705,14.12,1,6,"monitoring",FALSE,FALSE
"223","40",11.17,37,-11.935,0.111083511351781,0.267589388696655,0.536412919680742,12.86,1,22,"monitoring",FALSE,FALSE
"224","40",12.47,40,-3,0.141998860342393,0.312956555171088,0.577091694325532,16.63,1,17,"monitoring",FALSE,FALSE
"225","40",11.46,36,-7.23,0.108723493337931,0.260668973471742,0.498469845954718,17.57,1,11,"monitoring",FALSE,FALSE
"226","40",11.33,55,-14.355,0.115413244671613,0.262206843521722,0.53132327375732,16.42,1,9,"monitoring",FALSE,FALSE
"227","40",12.85,43,-5.175,0.150954653937947,0.319876970396002,0.4635744896545,13.39,1,23,"monitoring",FALSE,FALSE
"228","40",13.01,42,-2.875,0.160242194702614,0.317185697808535,0.55859261272664,15.07,1,18,"monitoring",FALSE,FALSE
"229","40",12.4,43,-7.57,0.132491099683544,0.281045751633987,0.470309474676437,14.51,1,17,"monitoring",FALSE,FALSE
"230","40",11.12,35,-13.135,0.114978247358608,0.256055363321799,0.500920366208715,16.34,1,14,"monitoring",FALSE,FALSE
"231","40",13.01,60,-7.865,0.163558605599483,0.324875048058439,0.497571020893033,13.07,1,11,"monitoring",FALSE,FALSE
"232","40",11.95,28,-7.185,0.126792480867821,0.282583621683968,0.430833491957411,15.68,1,20,"monitoring",FALSE,FALSE
"233","40",12.69,37,-7.415,0.1422220014406,0.303729334871203,0.488688217321838,13.24,1,21,"monitoring",FALSE,FALSE
"234","40",12.24,46,-8.92,0.126667161556925,0.280276816608997,0.465224682499493,14.97,1,12,"monitoring",FALSE,FALSE
"235","40",14,57,-3.725,0.178266887466324,0.34640522875817,0.497775298444406,14.66,1,28,"monitoring",FALSE,FALSE
"236","40",11.76,46,-7.73,0.127151760981401,0.292195309496348,0.47913248215219,15.01,1,10,"monitoring",FALSE,FALSE
"237","40",12.48,43,-7.94,0.1457310724379,0.305651672433679,0.490361038155942,15.09,1,15,"monitoring",FALSE,FALSE
"238","40",13.26,43,-4.17,0.15869321717486,0.325259515570934,0.494152511935507,14.07,1,14,"monitoring",FALSE,FALSE
"239","40",8.79,39,-21.805,0.0699190031152648,0.189926951172626,0.517088286703957,16.33,1,8,"monitoring",TRUE,TRUE
"240","40",11.09,33,-13.4,0.126313577133249,0.274125336409073,0.548189089453061,17.49,1,21,"monitoring",FALSE,FALSE
"241","40",11.23,43,-11.345,0.110639890233254,0.258746635909266,0.490197566284598,17.18,1,11,"monitoring",FALSE,FALSE
"242","40",12.24,43,-5.235,0.133036621953336,0.279507881584006,0.413891383182599,13.15,1,14,"monitoring",FALSE,FALSE
"243","40",12.2,38,-10.68,0.128627460715438,0.276047673971549,0.421170175827351,15.09,1,17,"monitoring",FALSE,FALSE
"244","40",12.68,34,-4.385,0.147327281272417,0.311418685121107,0.480931794222915,14.28,1,21,"monitoring",FALSE,FALSE
"245","40",12.49,37,-7.8,0.121169813185727,0.263744713571703,0.506405091187099,15.62,1,15,"monitoring",FALSE,FALSE
"246","40",12.89,44,-3.025,0.140933439142942,0.302575932333718,0.470686698877637,14.57,1,23,"monitoring",FALSE,FALSE
"247","40",13.1,50,-4.94,0.160628616647708,0.328335255670896,0.546991636523669,16.05,1,13,"monitoring",FALSE,FALSE
"248","40",7.68,24,-25.165,0.0520951302378256,0.159554017685506,0.574367626267275,17.21,1,7,"monitoring",TRUE,TRUE
"249","40",12.78,35,-2.935,0.151260399541673,0.318339100346021,0.471821682851021,13.99,1,14,"monitoring",FALSE,FALSE
"250","40",12.02,38,-8.33,0.131986348798101,0.292195309496348,0.450481407938693,12.82,1,16,"monitoring",FALSE,FALSE
"251","50",13.06,35,-3.945,0.162878601329722,0.324875048058439,0.468417041043136,12.05,1,19,"monitoring",FALSE,FALSE
"252","50",12.9,41,-3.155,0.154409024275101,0.312572087658593,0.608550883155255,16.44,1,9,"monitoring",FALSE,FALSE
"253","50",11.19,42,-13.825,0.108235873445771,0.250672818146867,0.558138907466562,15.4,1,6,"monitoring",FALSE,FALSE
"254","50",9.22,37,-20.76,0.0733882539211321,0.198000768935025,0.382018889126857,15.24,1,11,"monitoring",TRUE,TRUE
"255","50",12.68,45,-9.085,0.146241001410088,0.31603229527105,0.50811665449346,17.5,1,13,"monitoring",FALSE,FALSE
"256","50",12.43,37,-6.73,0.137781457772066,0.291041906958862,0.538683788318353,18.87,1,13,"monitoring",FALSE,FALSE
"257","50",10.42,33,-15.355,0.103853617275351,0.248366013071895,0.574845905670562,16.55,1,13,"monitoring",FALSE,FALSE
"258","50",10.04,36,-16.105,0.0874962904342665,0.221453287197232,0.395416063645253,17.45,1,12,"monitoring",TRUE,TRUE
"259","50",7.79,22,-25,0.0478052912161826,0.153787004998078,0.467073475513111,16.9,1,4,"monitoring",TRUE,TRUE
"260","50",10.33,35,-14.18,0.0970710567607282,0.232218377547097,0.352006417536714,10.48,1,6,"monitoring",TRUE,FALSE
"261","50",11.75,43,-10.57,0.116084939594652,0.26643598615917,0.462774196646937,17.66,1,15,"monitoring",FALSE,FALSE
"262","50",12.76,47,-8.915,0.139968259478761,0.294886582083814,0.457600697237933,10.18,1,14,"monitoring",FALSE,FALSE
"263","50",12.19,41,-7.26,0.151002865329513,0.319108035371011,0.503651583937491,13.55,1,12,"monitoring",FALSE,FALSE
"264","50",11.34,48,-12.36,0.12214947221669,0.282199154171473,0.429078636502128,13.3,1,10,"monitoring",FALSE,FALSE
"265","50",7.68,23,-27.96,0.0492031525819845,0.146482122260669,0.498367888126419,17.68,1,4,"monitoring",TRUE,TRUE
"266","50",11.41,39,-11.33,0.110920909000695,0.261822376009227,0.469474753753064,15.76,1,11,"monitoring",FALSE,FALSE
"267","50",12.43,40,-9.555,0.134827689094435,0.291426374471357,0.507720436348891,15.78,1,9,"monitoring",FALSE,FALSE
"268","50",7.92,21,-24.285,0.0433085594573025,0.135717031910804,0.429070530306521,16.36,1,3,"monitoring",TRUE,TRUE
"269","50",7.96,26,-23.81,0.04876599747506,0.153402537485582,0.517789894831973,17.07,1,9,"monitoring",TRUE,TRUE
"270","50",7.91,27,-25.03,0.055421476910828,0.158785082660515,0.41662433416141,15.49,1,3,"monitoring",TRUE,TRUE
"271","50",8.48,26,-20.025,0.0615916101172116,0.181084198385236,0.558824777247751,17.76,1,5,"monitoring",TRUE,TRUE
"272","50",7.67,29,-25.8,0.0459045126888516,0.148404459823145,0.532895418088914,18.17,1,4,"monitoring",TRUE,TRUE
"273","50",7.67,31,-30.135,0.0491653496641644,0.148404459823145,0.464705283820274,17.19,1,6,"monitoring",TRUE,TRUE
"274","50",13.27,40,-5.16,0.156843679880329,0.311803152633602,0.443889777468691,13.23,1,12,"monitoring",FALSE,FALSE
"275","50",0,33,-46.035,0.00108104078133154,0.00768935024990388,0.57534196786142,9.15,1,0,"monitoring",TRUE,TRUE
"276","50",12.91,44,-8.165,0.137448262105421,0.298731257208766,0.436508594084442,14.15,1,9,"monitoring",FALSE,FALSE
"277","50",12.75,34,-4.08,0.166749293540231,0.334486735870819,0.54876819742978,15.62,1,12,"monitoring",FALSE,FALSE
"278","50",0,34,-45.505,0.00107500308908934,0.00768935024990388,0.361069144908925,7.68,1,0,"monitoring",TRUE,TRUE
"279","50",12.78,44,-7.65,0.142259259259259,0.306036139946175,0.467471718241619,12.45,1,12,"monitoring",FALSE,FALSE
"280","50",13.42,55,-3.32,0.15868411307246,0.321799307958477,0.481898688440242,15.47,1,18,"monitoring",FALSE,FALSE
"281","50",11.08,39,-9.045,0.111291200633475,0.259131103421761,0.487926965181904,16.1,1,11,"monitoring",FALSE,FALSE
"282","50",7.76,28,-24.25,0.0541813752299508,0.169550173010381,0.480356218160651,16.59,1,3,"monitoring",TRUE,TRUE
"283","50",12.98,41,-3.51,0.161709852290247,0.331026528258362,0.39776599723054,11.7,1,13,"monitoring",FALSE,FALSE
"284","50",13.03,39,-0.42,0.157480510452356,0.325259515570934,0.442668876094052,11.75,1,9,"monitoring",FALSE,FALSE
"285","50",13.12,33,-0.65,0.165954820392544,0.331026528258362,0.518146261613942,15.6,1,12,"monitoring",FALSE,FALSE
"286","50",0,34,-46.815,0.0011821213478672,0.00768935024990388,0.440881963641154,8.97,1,0,"monitoring",TRUE,TRUE
"287","50",11.05,36,-10.86,0.107355347315187,0.251057285659362,0.500798807851587,14.18,1,15,"monitoring",FALSE,FALSE
"288","50",8.5,26,-25.24,0.0553963110667996,0.159938485198001,0.568371133308384,18.48,1,7,"monitoring",TRUE,TRUE
"289","50",12.97,39,-6.045,0.150315904681359,0.313341022683583,0.500093426101724,13.62,1,8,"monitoring",FALSE,FALSE
"290","50",13.78,60,-5.25,0.192379251320979,0.366013071895425,0.513764617227117,13.49,1,14,"monitoring",FALSE,FALSE
"291","50",10.75,36,-7.49,0.113563816726416,0.275663206459054,0.407708886902341,13.88,1,13,"monitoring",FALSE,FALSE
"292","50",11.51,42,-7.18,0.118206487912963,0.266051518646674,0.632320162885005,16.64,1,18,"monitoring",FALSE,FALSE
"293","50",12.92,44,0.33,0.147255192878338,0.307574009996155,0.569530072465776,17.51,1,11,"monitoring",FALSE,FALSE
"294","50",11.34,44,-9.73,0.114577431829938,0.276047673971549,0.463023385110072,11.06,1,9,"monitoring",FALSE,FALSE
"295","50",11.46,49,-13.855,0.125310605307624,0.279123414071511,0.536491834856179,15.09,1,10,"monitoring",FALSE,FALSE
"296","50",13.46,63,-2.45,0.168903997419419,0.333717800845829,0.538046854407076,13.24,1,21,"monitoring",FALSE,FALSE
"297","50",7.8,25,-25.64,0.0505814820336961,0.152633602460592,0.479989205922206,17.58,1,10,"monitoring",TRUE,TRUE
"298","50",7.77,28,-28.865,0.0479024873159262,0.145713187235679,0.530188928833346,18.18,1,6,"monitoring",TRUE,TRUE
"299","50",12.83,49,-5.85,0.154083453094802,0.317185697808535,0.452445908146839,14.68,1,8,"monitoring",FALSE,FALSE
"300","50",10.74,31,-12.94,0.119145868549269,0.276047673971549,0.373355116334801,13.95,1,7,"monitoring",FALSE,FALSE
"301","60",12.99,45,-3.815,0.150050576073816,0.316416762783545,0.506462283902972,14,1,6,"monitoring",FALSE,FALSE
"302","60",12.2,44,-0.21,0.154686608626634,0.321799307958477,0.468808529421819,13.01,1,6,"monitoring",FALSE,FALSE
"303","60",12.66,36,-6.635,0.158424589347934,0.317185697808535,0.544181926633513,14.18,1,3,"monitoring",FALSE,FALSE
"304","60",12.93,41,-6.955,0.163235476278955,0.335640138408304,0.44270357550317,12.5,1,9,"monitoring",FALSE,FALSE
"305","60",13.75,65,-1.28,0.187906501532558,0.366782006920415,0.575310623763502,13.89,1,14,"monitoring",FALSE,FALSE
"306","60",11.61,41,-7.26,0.139441540100592,0.30718954248366,0.502142033094336,16.53,1,10,"monitoring",FALSE,FALSE
"307","60",11.76,40,-9.185,0.123679960243509,0.269896193771626,0.536819391164628,16.9,1,17,"monitoring",FALSE,FALSE
"308","60",7.93,27,-26.12,0.0460393698827863,0.140330642060746,0.579905078870605,18.08,1,6,"monitoring",TRUE,TRUE
"309","60",8.31,29,-23.15,0.0606023143111463,0.176086120722799,0.440101750114804,17.88,1,7,"monitoring",TRUE,TRUE
"310","60",11.28,37,-6.415,0.110392661094901,0.259900038446751,0.472786395879565,13.68,1,13,"monitoring",FALSE,FALSE
"311","60",13.02,50,-2.735,0.162686939182453,0.3360246059208,0.563196992708122,15.23,1,9,"monitoring",FALSE,FALSE
"312","60",10.55,35,-10.24,0.106836866085578,0.260284505959246,0.473772001714614,17.46,1,5,"monitoring",FALSE,FALSE
"313","60",12.73,40,-3.755,0.147360467708772,0.306805074971165,0.479463054633091,14.9,1,8,"monitoring",FALSE,FALSE
"314","60",10.88,42,-17.855,0.102928381435354,0.237985390234525,0.383423350298799,12.59,1,9,"monitoring",FALSE,FALSE
"315","60",13.52,58,4.15,0.175260146964541,0.342176086120723,0.549915358937533,13.49,1,7,"monitoring",FALSE,FALSE
"316","60",11.7,45,-7.815,0.127951228061391,0.278738946559016,0.53595847473222,16.52,1,11,"monitoring",FALSE,FALSE
"317","60",12.32,44,-6.62,0.148872910031847,0.306805074971165,0.455104268094276,13.92,1,11,"monitoring",FALSE,FALSE
"318","60",11.47,40,-10.61,0.122799415653552,0.278738946559016,0.356041570291675,13.37,1,12,"monitoring",FALSE,FALSE
"319","60",12.34,45,-8.34,0.156890590269202,0.32718185313341,0.404096022876134,9.77,1,9,"monitoring",FALSE,FALSE
"320","60",11.2,38,-12.24,0.11526827333135,0.266820453671665,0.511366823249934,14.8,1,11,"monitoring",FALSE,FALSE
"321","60",11.59,44,-8.285,0.116351966564669,0.263744713571703,0.497822256081784,13.93,1,3,"monitoring",FALSE,FALSE
"322","60",10.73,32,-11.645,0.108029904127962,0.255670895809304,0.428629433750081,12.85,1,8,"monitoring",FALSE,FALSE
"323","60",11.99,44,-8.985,0.133086761831721,0.291426374471357,0.522676265222709,17.15,1,10,"monitoring",FALSE,FALSE
"324","60",12.62,40,-2.77,0.156427445781324,0.323721645520954,0.507448861663588,14.67,1,11,"monitoring",FALSE,FALSE
"325","60",7.89,27,-26.36,0.0515404015428741,0.156478277585544,0.597137427532808,17.81,1,4,"monitoring",TRUE,TRUE
"326","60",7.67,28,-25.3,0.0485794892100574,0.148404459823145,0.546804240283021,16.03,1,4,"monitoring",TRUE,TRUE
"327","60",12.04,33,-4.895,0.146535195836757,0.314878892733564,0.507212323524031,15.03,1,13,"monitoring",FALSE,FALSE
"328","60",13.55,56,3.345,0.17207590340471,0.339484813533256,0.546075557289252,16.41,1,8,"monitoring",FALSE,FALSE
"329","60",11.14,45,-11.115,0.121060598540871,0.275278738946559,0.379212351436822,11.76,1,4,"monitoring",FALSE,FALSE
"330","60",8.01,35,-23.345,0.0561108079956351,0.167243367935409,0.455416948625823,17.31,1,6,"monitoring",TRUE,TRUE
"331","60",13.12,42,3.54,0.168783603808021,0.339869281045752,0.546291129184173,16.68,1,9,"monitoring",FALSE,FALSE
"332","60",7.99,34,-26.93,0.0444067964286598,0.133025759323337,0.513023852923634,17.37,1,2,"monitoring",TRUE,TRUE
"333","60",12.58,40,-2.4,0.150834371108344,0.313725490196078,0.468684019219351,12.76,1,10,"monitoring",FALSE,FALSE
"334","60",8.46,37,-24.715,0.0661503710874476,0.189926951172626,0.610102281327612,18.77,1,5,"monitoring",TRUE,TRUE
"335","60",11.29,43,-10.98,0.112517964220229,0.262975778546713,0.544150015361591,16.6,1,10,"monitoring",FALSE,FALSE
"336","60",7.82,24,-26.385,0.0472984700835627,0.149173394848135,0.513894972320221,16.03,1,5,"monitoring",TRUE,TRUE
"337","60",12.43,42,0.175,0.156552308766331,0.322952710495963,0.555962440753581,14.6,1,10,"monitoring",FALSE,FALSE
"338","60",8.11,21,-21.22,0.0608351331893449,0.16878123798539,0.412830827619115,17,1,6,"monitoring",TRUE,TRUE
"339","60",12.3,40,-1.52,0.141022154089605,0.303344867358708,0.477328486291001,16.24,1,4,"monitoring",FALSE,FALSE
"340","60",7.87,31,-26.1,0.0410189450863492,0.132641291810842,0.496612547386412,16.04,1,7,"monitoring",TRUE,TRUE
"341","60",10.69,42,-12.315,0.110825701734793,0.255286428296809,0.539299843099827,14.96,1,7,"monitoring",FALSE,FALSE
"342","60",13.02,33,-0.55,0.174823341406777,0.343329488658208,0.509894143628263,16.51,1,12,"monitoring",FALSE,FALSE
"343","60",12.84,44,-2.67,0.162316212994238,0.334871203383314,0.506569767937143,14.27,1,11,"monitoring",FALSE,FALSE
"344","60",10.86,38,-13.295,0.113708793944826,0.261437908496732,0.497827898001038,17.61,1,7,"monitoring",FALSE,FALSE
"345","60",8.14,37,-25.57,0.0640549572966951,0.188389081122645,0.55201603648082,17.31,1,6,"monitoring",TRUE,TRUE
"346","60",11.53,39,-7.14,0.126178426118885,0.279123414071511,0.472026688642409,16.75,1,6,"monitoring",FALSE,FALSE
"347","60",10.64,32,-8.595,0.113761285348322,0.264898116109189,0.466496241379686,16.67,1,9,"monitoring",FALSE,FALSE
"348","60",10.03,41,-18.19,0.0876360731049635,0.224913494809689,0.361076677760546,13.66,1,8,"monitoring",TRUE,TRUE
"349","60",0,33,-46.87,0.00101369108702726,0.00499807766243752,0.537980974129288,8.12,1,0,"monitoring",TRUE,TRUE
"350","60",10.01,39,-9.765,0.0989302821970167,0.252979623221838,0.458573476120702,17.88,1,6,"monitoring",TRUE,TRUE
"351","70",8.08,30,-22.86,0.0567635529916426,0.174163783160323,0.505418671003164,16.65,1,2,"monitoring",TRUE,TRUE
"352","70",0,34,-46.205,0.00224004356327814,0.011918492887351,0.438626490205552,9,1,0,"monitoring",TRUE,TRUE
"353","70",7.84,30,-24.665,0.0501323831440378,0.157247212610534,0.455517044804279,16.87,1,4,"monitoring",TRUE,TRUE
"354","70",11.96,44,-9.005,0.14466239625134,0.314878892733564,0.473380168305399,14.24,1,5,"monitoring",FALSE,FALSE
"355","70",12.09,40,-5.22,0.144595296386972,0.311034217608612,0.559612612691841,16.44,1,2,"monitoring",FALSE,FALSE
"356","70",13.52,59,-5.61,0.196816943274709,0.367935409457901,0.514452604785099,15.27,1,6,"monitoring",FALSE,FALSE
"357","70",12.12,49,-9.47,0.137556527540959,0.291810841983852,0.516078694163101,16.5,1,3,"monitoring",FALSE,FALSE
"358","70",13.16,37,-2.99,0.162641200951249,0.335255670895809,0.464218708009463,13.85,1,6,"monitoring",FALSE,FALSE
"359","70",11.1,37,-4.735,0.11046409916777,0.25759323337178,0.424620576961943,12.46,1,5,"monitoring",FALSE,FALSE
"360","70",7.79,33,-26.63,0.0506092080295616,0.147635524798155,0.529921788691957,18.67,1,2,"monitoring",TRUE,TRUE
"361","70",7.71,30,-27.645,0.0424124320432937,0.128412149173395,0.420177801787676,16.36,1,0,"monitoring",TRUE,TRUE
"362","70",11.76,54,-10.885,0.123177063923878,0.271818531334102,0.550710881015513,18.23,1,4,"monitoring",FALSE,FALSE
"363","70",10.63,31,-11.63,0.106737917052537,0.252595155709343,0.42265047932558,14.45,1,3,"monitoring",FALSE,FALSE
"364","70",12.48,41,-6.455,0.140532617876484,0.298731257208766,0.551889962130199,16.12,1,1,"monitoring",FALSE,FALSE
"365","70",12.95,41,3.665,0.165378092577813,0.329873125720877,0.489957364944866,14.77,1,5,"monitoring",FALSE,FALSE
"366","70",12.45,46,-8.24,0.129982989423859,0.291426374471357,0.538832477386395,16.54,1,4,"monitoring",FALSE,FALSE
"367","70",11.84,40,-9.86,0.117324095149954,0.260668973471742,0.546750874051391,17.48,1,7,"monitoring",FALSE,FALSE
"368","70",14.02,61,3.905,0.201176935034173,0.382160707420223,0.562631892042101,14.36,1,10,"monitoring",FALSE,FALSE
"369","70",9.6,35,-17.125,0.0780970815961882,0.208381391772395,0.457971339872673,16.97,1,5,"monitoring",TRUE,TRUE
"370","70",11.66,39,-5.385,0.131028522039758,0.294502114571319,0.456860585131412,15.86,1,2,"monitoring",FALSE,FALSE
"371","70",13.31,49,-1.33,0.167570378073238,0.33679354094579,0.575618158174403,15.54,1,2,"monitoring",FALSE,FALSE
"372","70",13.29,44,-4.775,0.172283024927737,0.34717416378316,0.520416472898896,15.23,1,5,"monitoring",FALSE,FALSE
"373","70",12.13,40,-4.11,0.144467542752493,0.310265282583622,0.508030219854996,15.74,1,4,"monitoring",FALSE,FALSE
"374","70",8.13,20,-22.14,0.0629875291896457,0.176086120722799,0.458080439208614,14.35,1,4,"monitoring",TRUE,TRUE
"375","70",11.72,37,-6.28,0.141052578918405,0.310265282583622,0.489873802714002,15.7,1,4,"monitoring",FALSE,FALSE
"376","70",7.96,25,-26.69,0.0502579237141015,0.152633602460592,0.525920478461429,18.42,1,3,"monitoring",TRUE,TRUE
"377","70",7.76,27,-23.945,0.0446127314988378,0.135332564398308,0.512027940797356,17.48,1,1,"monitoring",TRUE,TRUE
"378","70",11.71,39,-10.17,0.122281319449647,0.275278738946559,0.48565821344269,13.69,1,1,"monitoring",FALSE,FALSE
"379","70",12.59,41,-3.805,0.160849715597246,0.330642060745867,0.466489923709269,13.91,1,5,"monitoring",FALSE,FALSE
"380","70",7.96,32,-24.44,0.0503679112058073,0.156093810073049,0.530987351877195,17.75,1,3,"monitoring",TRUE,TRUE
"381","70",11.52,53,-6.955,0.129499353684001,0.28719723183391,0.376357428582554,12.66,1,4,"monitoring",FALSE,FALSE
"382","70",11.07,42,-11.445,0.113429946895628,0.263744713571703,0.427388909972284,15.09,1,5,"monitoring",FALSE,FALSE
"383","70",8.13,29,-25.29,0.0544906629779666,0.165705497885429,0.55905976471107,17.92,1,3,"monitoring",TRUE,TRUE
"384","70",12.5,49,-3.66,0.157323733862959,0.326028450595925,0.529079778091227,13.6,1,6,"monitoring",FALSE,FALSE
"385","70",8.22,32,-21.515,0.063042127500932,0.181853133410227,0.619369934841786,18.34,1,0,"monitoring",TRUE,TRUE
"386","70",7.92,23,-24.08,0.050045732084147,0.153402537485582,0.488115970870021,16.33,1,3,"monitoring",TRUE,TRUE
"387","70",8.11,29,-24.145,0.0518559762435041,0.160707420222991,0.504219891154216,17.21,1,2,"monitoring",TRUE,TRUE
"388","70",12.07,47,-4.895,0.149521856235637,0.319876970396002,0.504990572153987,13.33,1,5,"monitoring",FALSE,FALSE
"389","70",12.48,42,-9.185,0.133785022419303,0.297193387158785,0.523054396198802,14.46,1,2,"monitoring",FALSE,FALSE
"390","70",8.48,28,-23.65,0.0582664606489558,0.170703575547866,0.506577551485278,18.1,1,6,"monitoring",TRUE,TRUE
"391","70",8.12,33,-27.57,0.0552230685527748,0.169165705497885,0.447868717013286,17.34,1,6,"monitoring",TRUE,TRUE
"392","70",0,44,-46.775,0.00167207510713666,0.00922722029988466,0.461771159477609,9.94,1,0,"monitoring",TRUE,TRUE
"393","70",12.65,37,0.35,0.155222100765179,0.319492502883506,0.522515677363263,15.44,1,2,"monitoring",FALSE,FALSE
"394","70",7.7,25,-23.89,0.0571818069153551,0.171856978085352,0.558680130715597,18.36,1,4,"monitoring",TRUE,TRUE
"395","70",12.76,37,1.4,0.153760182793562,0.323721645520954,0.572703999664106,17.14,1,3,"monitoring",FALSE,FALSE
"396","70",10.57,46,-12.355,0.109809407239028,0.25836216839677,0.426645880183714,13.56,1,7,"monitoring",FALSE,FALSE
"397","70",10.68,44,-14.505,0.102256647054443,0.242214532871972,0.487689540286538,16.41,1,4,"monitoring",FALSE,FALSE
"398","70",10.07,41,-16.635,0.0898337197417296,0.229911572472126,0.489854602603727,15.6,1,7,"monitoring",TRUE,TRUE
"399","70",10.88,42,-11.035,0.102517985611511,0.246828143021915,0.488041734449741,16.63,1,4,"monitoring",FALSE,FALSE
"400","70",8.01,23,-22.91,0.0565526498955951,0.162245290272972,0.513663629822592,17.21,1,6,"monitoring",TRUE,TRUE
"401","80",10.99,38,-13.59,0.100002484842461,0.249134948096886,0.420000043731281,13.74,1,0,"monitoring",FALSE,FALSE
"402","80",11.36,50,-15.91,0.113584036838066,0.264129181084198,0.600261798349418,18.11,1,1,"monitoring",FALSE,FALSE
"403","80",10.64,34,-11.095,0.0982411622757917,0.242599000384468,0.480477412261747,13.95,1,7,"monitoring",TRUE,FALSE
"404","80",12.16,39,-7.71,0.126661522377657,0.271434063821607,0.49153134472809,15.59,1,1,"monitoring",FALSE,FALSE
"405","80",11.9,44,-9.665,0.137564618035612,0.30718954248366,0.498804976250383,15.28,1,3,"monitoring",FALSE,FALSE
"406","80",12.32,45,-5.795,0.138249191743347,0.294502114571319,0.480891016364875,16.03,1,2,"monitoring",FALSE,FALSE
"407","80",7.78,31,-26.545,0.0490096684058258,0.155324875048058,0.52117653212182,17.36,1,0,"monitoring",TRUE,TRUE
"408","80",11.51,39,-2.68,0.131085305940152,0.28642829680892,0.425559588260421,15,1,5,"monitoring",FALSE,FALSE
"409","80",11.6,49,-9.805,0.140286877109391,0.306805074971165,0.572100631366166,16.64,1,2,"monitoring",FALSE,FALSE
"410","80",11.54,41,-6.165,0.12229832005757,0.27681660899654,0.409803766650219,14.58,1,2,"monitoring",FALSE,FALSE
"411","80",11.26,45,-7.33,0.123865238578178,0.27681660899654,0.518327482326211,18,1,4,"monitoring",FALSE,FALSE
"412","80",12.9,38,-4.46,0.163293182664845,0.330642060745867,0.486868024311984,15.51,1,3,"monitoring",FALSE,FALSE
"413","80",7.97,33,-27.505,0.046930561043066,0.142637447135717,0.506941559216323,17.46,1,1,"monitoring",TRUE,TRUE
"414","80",8.02,30,-21.805,0.0602052169613055,0.176855055747789,0.644860759034616,18.84,1,1,"monitoring",TRUE,TRUE
"415","80",12.14,33,-4.49,0.143508676521481,0.303729334871203,0.532468204545138,15.31,1,5,"monitoring",FALSE,FALSE
"416","80",12.85,46,-3.1,0.167213685414491,0.341407151095732,0.576990473822138,15.3,1,1,"monitoring",FALSE,FALSE
"417","80",12.05,34,-3.135,0.139417734647011,0.306036139946175,0.49037560780194,13.26,1,4,"monitoring",FALSE,FALSE
"418","80",12.87,33,-2.665,0.169613287183446,0.348712033833141,0.541836300017283,16.22,1,1,"monitoring",FALSE,FALSE
"419","80",12.24,43,-6.445,0.145044467985514,0.306805074971165,0.466776952791337,17.21,1,6,"monitoring",FALSE,FALSE
"420","80",7.91,25,-26.815,0.0487998216453219,0.144944252210688,0.611029707857263,17.42,1,1,"monitoring",TRUE,TRUE
"421","80",8.2,30,-22.055,0.0556672278197945,0.158785082660515,0.522220145883342,18.4,1,3,"monitoring",TRUE,TRUE
"422","80",15.15,51,5.095,0.228147333699835,0.397154940407536,0.615233556365961,16.59,1,7,"monitoring",FALSE,FALSE
"423","80",7.77,30,-26.71,0.0498619780657034,0.151095732410611,0.530394105076434,16.85,1,3,"monitoring",TRUE,TRUE
"424","80",9.84,31,-13.995,0.0992537129018707,0.241061130334487,0.418227331213479,17.92,1,0,"monitoring",TRUE,TRUE
"425","80",7.68,30,-26.575,0.0475622780220053,0.153018069973087,0.417916037991076,15.05,1,3,"monitoring",TRUE,TRUE
"426","80",10.93,34,-13.955,0.11473119343192,0.254517493271819,0.467823350516151,16.06,1,1,"monitoring",FALSE,FALSE
"427","80",11.93,34,-5.09,0.1249721016739,0.288735101883891,0.521130588850094,14.95,1,2,"monitoring",FALSE,FALSE
"428","80",13.31,42,-0.855,0.161822184840689,0.325643983083429,0.567490273108871,17.46,1,4,"monitoring",FALSE,FALSE
"429","80",11.54,33,-4.91,0.141046037585761,0.309880815071126,0.400567480871378,14.19,1,3,"monitoring",FALSE,FALSE
"430","80",11.24,42,-9.86,0.122661559372297,0.282583621683968,0.365220427546823,11.04,1,4,"monitoring",FALSE,FALSE
"431","80",14.77,50,4.845,0.204982593022395,0.373317954632834,0.528424757764838,16.35,1,6,"monitoring",FALSE,FALSE
"432","80",11.32,47,-10.935,0.114358669244881,0.265667051134179,0.493736171897663,15.57,1,2,"monitoring",FALSE,FALSE
"433","80",12.08,37,-4.095,0.141394562894488,0.299884659746251,0.537123731229362,14.01,1,2,"monitoring",FALSE,FALSE
"434","80",12.18,46,-4.77,0.149115448197587,0.319876970396002,0.532523721707681,14.45,1,3,"monitoring",FALSE,FALSE
"435","80",10.41,33,-14.84,0.089134401479741,0.224913494809689,0.427159918483592,15.04,1,3,"monitoring",TRUE,FALSE
"436","80",7.82,25,-25.935,0.0475395647873393,0.153402537485582,0.590619676436057,17.74,1,3,"monitoring",TRUE,TRUE
"437","80",13.91,57,-5.37,0.186490963483077,0.368319876970396,0.647905156508619,16.33,1,1,"monitoring",FALSE,FALSE
"438","80",11.47,29,-2.365,0.114444665209617,0.252979623221838,0.526233297702904,15.2,1,4,"monitoring",FALSE,FALSE
"439","80",11.42,41,-7.4,0.130314530932182,0.300653594771242,0.500620244478117,15.94,1,1,"monitoring",FALSE,FALSE
"440","80",13.09,51,-2.52,0.156599218497225,0.31757016532103,0.487980723348856,13.47,1,2,"monitoring",FALSE,FALSE
"441","80",13.31,46,0.285,0.183940972222222,0.351787773933103,0.523769584455232,12.84,1,5,"monitoring",FALSE,FALSE
"442","80",13.31,40,1.64,0.165619937694704,0.335255670895809,0.516720353201129,13.03,1,6,"monitoring",FALSE,FALSE
"443","80",12.85,41,-1.62,0.15912836026464,0.32641291810842,0.457299194334402,12.63,1,6,"monitoring",FALSE,FALSE
"444","80",11.31,47,-11.5,0.122759745877932,0.281430219146482,0.468954072351437,16.16,1,3,"monitoring",FALSE,FALSE
"445","80",12.68,41,-1.975,0.158589435625666,0.330642060745867,0.491888701653052,17.85,1,4,"monitoring",FALSE,FALSE
"446","80",12.5,41,-4.965,0.154162741111717,0.314109957708574,0.447720237800067,14.07,1,2,"monitoring",FALSE,FALSE
"447","80",12.58,47,-6.995,0.162659494620966,0.318339100346021,0.522643829164671,15.15,1,6,"monitoring",FALSE,FALSE
"448","80",11.03,47,-12.98,0.117820159427848,0.277201076509035,0.469625027874637,13.03,1,2,"monitoring",FALSE,FALSE
"449","80",8.23,28,-22.58,0.0564452058195541,0.164167627835448,0.48820994883979,16.08,1,0,"monitoring",TRUE,TRUE
"450","80",8.2,30,-21.005,0.057972625753533,0.175701653210304,0.485816849475121,16.35,1,1,"monitoring",TRUE,TRUE
"451","90",7.91,33,-26.555,0.0498392282958199,0.153787004998078,0.437298141130955,15.39,1,3,"monitoring",TRUE,TRUE
"452","90",11.7,42,-9.3,0.133167886834595,0.286812764321415,0.427775748981707,12.61,1,1,"monitoring",FALSE,FALSE
"453","90",11.4,48,-9.08,0.119462084422861,0.270280661284121,0.441178537413082,13.16,1,2,"monitoring",FALSE,FALSE
"454","90",12.48,38,-2.83,0.161067441045411,0.322952710495963,0.490834243849824,14.12,1,0,"monitoring",FALSE,FALSE
"455","90",7.8,25,-25.73,0.0432671960964923,0.142637447135717,0.563539340420978,16.56,1,2,"monitoring",TRUE,TRUE
"456","90",9.84,42,-18.965,0.0820450365362629,0.211072664359862,0.392961759945316,13.88,1,3,"monitoring",TRUE,TRUE
"457","90",12.52,48,-1.82,0.151114534927064,0.316416762783545,0.441323814813322,15.59,1,1,"monitoring",FALSE,FALSE
"458","90",11.99,38,-9.27,0.124907017108852,0.283352556708958,0.529653579863083,15.51,1,2,"monitoring",FALSE,FALSE
"459","90",14.23,55,9.435,0.199509901482735,0.372549019607843,0.499878098676038,14.1,1,4,"monitoring",FALSE,FALSE
"460","90",11.36,43,-12.255,0.107268999925902,0.257208765859285,0.543411036775253,17.67,1,4,"monitoring",FALSE,FALSE
"461","90",13.16,39,-2.18,0.168328620330406,0.341022683583237,0.596135993403983,16.71,1,1,"monitoring",FALSE,FALSE
"462","90",10.45,33,-12.11,0.091054273546598,0.233371780084583,0.501216967246595,15.74,1,0,"monitoring",TRUE,FALSE
"463","90",10.36,38,-18.48,0.0963850931677019,0.234140715109573,0.475780424850739,14.61,1,0,"monitoring",TRUE,FALSE
"464","90",10.52,42,-10.92,0.10362292051756,0.255286428296809,0.447097310273886,13.72,1,2,"monitoring",FALSE,FALSE
"465","90",11.45,43,-9.92,0.121268888172096,0.26797385620915,0.47820114382455,16.08,1,3,"monitoring",FALSE,FALSE
"466","90",13.21,54,-3.935,0.167922657411998,0.341791618608228,0.509528929140907,14.78,1,2,"monitoring",FALSE,FALSE
"467","90",11.45,40,-6.545,0.131943926627395,0.290272971933872,0.46750956220969,14,1,4,"monitoring",FALSE,FALSE
"468","90",8.02,30,-25.015,0.0550717086000695,0.162629757785467,0.59183387810169,17.98,1,1,"monitoring",TRUE,TRUE
"469","90",10.9,42,-15.095,0.114489133150137,0.265282583621684,0.448129873546532,16.01,1,1,"monitoring",FALSE,FALSE
"470","90",11.86,40,-4.445,0.127369697569668,0.283352556708958,0.488234920916781,16.04,1,3,"monitoring",FALSE,FALSE
"471","90",12.66,39,-4.67,0.167706785537395,0.342945021145713,0.560105984976173,16.31,1,5,"monitoring",FALSE,FALSE
"472","90",16.22,49,13.85,0.263626834381551,0.441753171856978,0.619552985221031,15,1,2,"monitoring",FALSE,FALSE
"473","90",7.88,26,-28.145,0.0488521352752407,0.154555940023068,0.505041563664822,17.63,1,0,"monitoring",TRUE,TRUE
"474","90",13.22,43,0.505,0.166901809361154,0.3360246059208,0.521132932426947,14.23,1,1,"monitoring",FALSE,FALSE
"475","90",8,37,-28.77,0.052987780647725,0.162629757785467,0.568985042270806,17.7,1,1,"monitoring",TRUE,TRUE
"476","90",11.13,46,-12.345,0.119226745055055,0.272587466359093,0.475215862595103,15.16,1,0,"monitoring",FALSE,FALSE
"477","90",7.7,34,-29.15,0.0472198034581416,0.146866589773164,0.538073543217462,16.76,1,1,"monitoring",TRUE,TRUE
"478","90",12.12,43,-4.425,0.141229307401084,0.303729334871203,0.435574441586968,14.31,1,0,"monitoring",FALSE,FALSE
"479","90",10.02,31,-12.36,0.0961685729107482,0.236447520184544,0.500369310436459,16.19,1,1,"monitoring",TRUE,TRUE
"480","90",12.04,40,-6.115,0.14798551156098,0.311418685121107,0.51024695958509,15.94,1,1,"monitoring",FALSE,FALSE
"481","90",11.44,52,-12.685,0.111942331987416,0.266051518646674,0.490492059135985,14.04,1,2,"monitoring",FALSE,FALSE
"482","90",7.8,26,-25.3,0.0480497456189938,0.153402537485582,0.598016933447879,18.71,1,2,"monitoring",TRUE,TRUE
"483","90",7.84,27,-26.26,0.0510550720325324,0.158785082660515,0.510600151845086,18.11,1,1,"monitoring",TRUE,TRUE
"484","90",10.69,46,-14.53,0.106321128154379,0.258746635909266,0.52280632438899,14.94,1,1,"monitoring",FALSE,FALSE
"485","90",13.57,59,7.39,0.185442133280757,0.357554786620531,0.556541916270722,13.85,1,3,"monitoring",FALSE,FALSE
"486","90",11.4,46,-8.605,0.125454320682408,0.284121491733948,0.462168163295036,15.04,1,3,"monitoring",FALSE,FALSE
"487","90",11.57,45,-6.7,0.139542670072667,0.301806997308727,0.50166164500268,15.1,1,2,"monitoring",FALSE,FALSE
"488","90",10.67,38,-11.25,0.107641130033265,0.254133025759323,0.544353088739021,16.42,1,1,"monitoring",FALSE,FALSE
"489","90",12.37,41,-3.13,0.153623009504999,0.324106113033449,0.587869398946362,16.64,1,1,"monitoring",FALSE,FALSE
"490","90",12.37,44,-6.15,0.145945476645251,0.306805074971165,0.587205089740847,15.96,1,2,"monitoring",FALSE,FALSE
"491","90",7.89,25,-23.68,0.0491872440749473,0.147635524798155,0.498385344986544,17.34,1,0,"monitoring",TRUE,TRUE
"492","90",7.71,31,-22.73,0.0555211609420272,0.165321030372933,0.596464803027304,18.64,1,1,"monitoring",TRUE,TRUE
"493","90",11.81,46,-6.6,0.131176587203251,0.291810841983852,0.447849247628849,14.04,1,1,"monitoring",FALSE,FALSE
"494","90",10.79,42,-12.98,0.104236993645751,0.259131103421761,0.539147629258859,18.37,1,2,"monitoring",FALSE,FALSE
"495","90",11.19,30,-9.275,0.120009949011317,0.277970011534025,0.578131008261121,17.06,1,1,"monitoring",FALSE,FALSE
"496","90",12.34,38,-0.7,0.136171166683272,0.299115724721261,0.513032139782762,16.28,1,3,"monitoring",FALSE,FALSE
"497","90",8.32,31,-28.235,0.0642255122469661,0.181853133410227,0.572987761528412,17.61,1,1,"monitoring",TRUE,TRUE
"498","90",12.23,44,-6.855,0.137532133676093,0.292579777008843,0.550135057959648,14.17,1,1,"monitoring",FALSE,FALSE
"499","90",7.71,24,-25.585,0.0494620182391969,0.15840061514802,0.492007393867236,16.9,1,1,"monitoring",TRUE,TRUE
"500","90",11.67,41,-8.425,0.129058901846692,0.292579777008843,0.602434183672451,16.93,1,1,"monitoring",FALSE,FALSE
"501","100",11.73,52,-7.92,0.137054462152376,0.305651672433679,0.54484166381654,17.35,1,1,"monitoring",FALSE,FALSE
"502","100",12.05,54,-9.29,0.140780782266644,0.302575932333718,0.492466111353448,15.53,1,1,"monitoring",FALSE,FALSE
"503","100",13.93,50,2.915,0.189370868305727,0.369473279507882,0.569018628183666,15.55,1,4,"monitoring",FALSE,FALSE
"504","100",8.17,30,-20.59,0.064080165722415,0.181853133410227,0.568635670863311,18.63,1,2,"monitoring",TRUE,TRUE
"505","100",11.21,38,-5.645,0.126325592946728,0.279507881584006,0.499940942015271,17.53,1,1,"monitoring",FALSE,FALSE
"506","100",7.79,34,-29.87,0.0436439941394125,0.137254901960784,0.537515022652022,18.14,1,0,"monitoring",TRUE,TRUE
"507","100",0,29,-45.805,0.00407359714724382,0.0169165705497885,0.531187032655999,8.38,1,0,"monitoring",TRUE,TRUE
"508","100",13.25,41,1.05,0.169950011081287,0.336409073433295,0.467136580453572,13.08,1,2,"monitoring",FALSE,FALSE
"509","100",11.84,39,-5.305,0.139577764577765,0.312956555171088,0.471984206432344,14.19,1,1,"monitoring",FALSE,FALSE
"510","100",13.28,39,-1.14,0.161917740336967,0.327950788158401,0.547937762492369,15.63,1,1,"monitoring",FALSE,FALSE
"511","100",12.1,39,-5.105,0.141616342354432,0.30642060745867,0.521279533201198,15.75,1,2,"monitoring",FALSE,FALSE
"512","100",11.43,38,-10.035,0.12257831565317,0.282199154171473,0.442560703799494,12.44,1,1,"monitoring",FALSE,FALSE
"513","100",11.86,44,-3.63,0.132815804533353,0.29680891964629,0.497613587834605,15.48,1,2,"monitoring",FALSE,FALSE
"514","100",10.79,42,-11.605,0.109278094765567,0.254517493271819,0.463366433472342,14.33,1,1,"monitoring",FALSE,FALSE
"515","100",13.21,44,-3.06,0.172598483907046,0.350634371395617,0.401481107414629,9.99,1,1,"monitoring",FALSE,FALSE
"516","100",8.06,25,-21.835,0.0606884732881305,0.17839292579777,0.528531832662937,16.97,1,0,"monitoring",TRUE,TRUE
"517","100",11.19,33,-7.68,0.121097527710963,0.276047673971549,0.393414212375802,10.99,1,0,"monitoring",FALSE,FALSE
"518","100",11.74,42,-5.6,0.13777120560678,0.300269127258747,0.48559739908612,15.49,1,1,"monitoring",FALSE,FALSE
"519","100",8.38,27,-20.885,0.064060560933234,0.184159938485198,0.54798976549009,16.74,1,0,"monitoring",TRUE,TRUE
"520","100",12.19,48,-4.985,0.15019336605682,0.312572087658593,0.55358092878218,12.26,1,0,"monitoring",FALSE,FALSE
"521","100",11.97,40,-5.825,0.149557456118542,0.308342945021146,0.479251884527815,12.15,1,0,"monitoring",FALSE,FALSE
"522","100",10.66,35,-9.135,0.107553406680152,0.258746635909266,0.505547311218749,15.07,1,1,"monitoring",FALSE,FALSE
"523","100",12.49,48,-6.77,0.138336234767471,0.295655517108804,0.498585008371842,13.89,1,0,"monitoring",FALSE,FALSE
"524","100",12.93,45,-4.66,0.15123180847365,0.304882737408689,0.513589229201863,16.25,1,1,"monitoring",FALSE,FALSE
"525","100",12.3,40,-5.835,0.145878793890101,0.304498269896194,0.525221126776922,14.29,1,0,"monitoring",FALSE,FALSE
"526","100",12.22,39,-3.28,0.14277558517636,0.313341022683583,0.533510068833727,16.88,1,0,"monitoring",FALSE,FALSE
"527","100",13.02,40,-1.985,0.169689247365035,0.338331410995771,0.519846203709584,13.15,1,0,"monitoring",FALSE,FALSE
"528","100",8.62,36,-23.065,0.0575496589834221,0.171088043060361,0.550027868509822,17.12,1,0,"monitoring",TRUE,TRUE
"529","100",12.5,37,-0.475,0.15682235568571,0.325643983083429,0.499402395784514,14.68,1,1,"monitoring",FALSE,FALSE
"530","100",14.11,50,2.375,0.190931790649954,0.352556708958093,0.468322662108416,16.18,1,0,"monitoring",FALSE,FALSE
"531","100",12.16,41,-6.735,0.147873392680514,0.313341022683583,0.540386501385534,14.84,1,1,"monitoring",FALSE,FALSE
"532","100",13.17,43,1.02,0.16982694684796,0.33679354094579,0.544138468453368,13.76,1,3,"monitoring",FALSE,FALSE
"533","100",12.24,43,-5.37,0.139906498132436,0.305651672433679,0.441353172528801,12.83,1,2,"monitoring",FALSE,FALSE
"534","100",11.63,44,-9.55,0.133571233861175,0.289504036908881,0.441551297981018,12.07,1,1,"monitoring",FALSE,FALSE
"535","100",12.73,34,-1.275,0.155622215030744,0.324875048058439,0.566493880632343,15.53,1,1,"monitoring",FALSE,FALSE
"536","100",12.05,47,-11.015,0.135469684241735,0.296039984621299,0.549261365076974,17.95,1,2,"monitoring",FALSE,FALSE
"537","100",11.39,42,-10.08,0.115159014973394,0.266820453671665,0.464541572700184,13.37,1,0,"monitoring",FALSE,FALSE
"538","100",7.82,24,-23.615,0.0473554127533366,0.149173394848135,0.457813803933949,16.78,1,0,"monitoring",TRUE,TRUE
"539","100",12.02,45,-4.545,0.141391758994149,0.29757785467128,0.458015611856608,13.87,1,1,"monitoring",FALSE,FALSE
"540","100",7.8,30,-25.025,0.0550354503694827,0.164936562860438,0.451427990164653,14.86,1,0,"monitoring",TRUE,TRUE
"541","100",13.07,38,1.115,0.164339035000989,0.334871203383314,0.512285201741348,13.54,1,2,"monitoring",FALSE,FALSE
"542","100",12.97,46,-0.65,0.160332276913935,0.330257593233372,0.570470788559563,15.05,1,1,"monitoring",FALSE,FALSE
"543","100",12.14,42,-8.14,0.153679870048732,0.317954632833526,0.455224324977199,13.58,1,1,"monitoring",FALSE,FALSE
"544","100",12.18,35,-6.5,0.149724797937224,0.30642060745867,0.541341025017947,15.7,1,2,"monitoring",FALSE,FALSE
"545","100",11.95,43,-8.07,0.136952215895024,0.299115724721261,0.468471156650539,13.88,1,3,"monitoring",FALSE,FALSE
"546","100",11.86,42,-6.22,0.122815473983438,0.281045751633987,0.48533114210592,15.48,1,1,"monitoring",FALSE,FALSE
"547","100",7.7,31,-23.95,0.0518973214285714,0.161860822760477,0.508376915140784,17.64,1,0,"monitoring",TRUE,TRUE
"548","100",13.2,43,-2.285,0.156745638382236,0.31603229527105,0.559049676896349,17.89,1,2,"monitoring",FALSE,FALSE
"549","100",12.44,44,-7.86,0.142261387613256,0.298731257208766,0.511031894886788,14.36,1,0,"monitoring",FALSE,FALSE
"550","100",11.2,47,-10.67,0.125243532516215,0.279123414071511,0.478791735611313,16.24,1,1,"monitoring",FALSE,FALSE
